-- phpMyAdmin SQL Dump
-- version 4.8.5
-- https://www.phpmyadmin.net/
--
-- Host: localhost
-- Generation Time: Oct 23, 2019 at 11:06 AM
-- Server version: 10.2.13-MariaDB-log
-- PHP Version: 5.5.14

SET SQL_MODE = "NO_AUTO_VALUE_ON_ZERO";
SET AUTOCOMMIT = 0;
START TRANSACTION;
SET time_zone = "+00:00";


/*!40101 SET @OLD_CHARACTER_SET_CLIENT=@@CHARACTER_SET_CLIENT */;
/*!40101 SET @OLD_CHARACTER_SET_RESULTS=@@CHARACTER_SET_RESULTS */;
/*!40101 SET @OLD_COLLATION_CONNECTION=@@COLLATION_CONNECTION */;
/*!40101 SET NAMES utf8mb4 */;

--
-- Database: `DFM-TEST`
--

-- --------------------------------------------------------

--
-- Table structure for table `branch_master`
--

CREATE TABLE `branch_master` (
  `code` int(11) NOT NULL,
  `place` varchar(30) DEFAULT NULL,
  `city` varchar(30) DEFAULT NULL,
  `state` varchar(30) DEFAULT NULL
) ENGINE=InnoDB DEFAULT CHARSET=latin1;

--
-- Dumping data for table `branch_master`
--

INSERT INTO `branch_master` (`code`, `place`, `city`, `state`) VALUES
(2, 'Hyderabad', 'Hyderabad', 'Andhra Pradesh'),
(3, 'Bangalore', 'Bangalore', 'Karnataka '),
(4, 'South ', 'Tirunelveli', 'Tamilnadu'),
(6, 'North', 'North', 'North'),
(7, 'nobranch', 'noplace', 'noplace');

-- --------------------------------------------------------

--
-- Table structure for table `department_master`
--

CREATE TABLE `department_master` (
  `code` int(11) NOT NULL,
  `department` varchar(30) DEFAULT NULL
) ENGINE=InnoDB DEFAULT CHARSET=latin1;

--
-- Dumping data for table `department_master`
--

INSERT INTO `department_master` (`code`, `department`) VALUES
(2, 'Accounts'),
(9, 'Bangalore Account'),
(10, 'Building Maintenance - Chennai'),
(3, 'Finance'),
(11, 'Human Resources'),
(8, 'Hyderabad Department '),
(4, 'Information Technology'),
(1, 'IT Development'),
(7, 'Laboratory '),
(6, 'Maintenance '),
(12, 'Management'),
(5, 'Stores');

-- --------------------------------------------------------

--
-- Table structure for table `designation_master`
--

CREATE TABLE `designation_master` (
  `code` int(11) NOT NULL,
  `designation` varchar(30) DEFAULT NULL
) ENGINE=InnoDB DEFAULT CHARSET=latin1;

--
-- Dumping data for table `designation_master`
--

INSERT INTO `designation_master` (`code`, `designation`) VALUES
(2, 'Accounts Manager'),
(6, 'Director'),
(5, 'Employee'),
(3, 'Finance Manager'),
(7, 'Human Resource'),
(4, 'IT Manager'),
(1, 'Manager');

-- --------------------------------------------------------

--
-- Table structure for table `flow_control_master`
--

CREATE TABLE `flow_control_master` (
  `Purchase_No` int(11) NOT NULL,
  `Create_Date` datetime DEFAULT NULL,
  `Access_Date` datetime DEFAULT NULL,
  `Vendor_Code` int(11) DEFAULT NULL,
  `Total_Invalue` float DEFAULT NULL,
  `From_User` varchar(10) DEFAULT NULL,
  `From_Branch` int(11) DEFAULT NULL,
  `To_User` varchar(10) DEFAULT NULL,
  `To_Branch` int(11) DEFAULT NULL,
  `User_Level` int(11) DEFAULT NULL,
  `Comments` varchar(100) DEFAULT NULL,
  `Flow_Flag` varchar(1) DEFAULT NULL,
  `Flag_Reject` varchar(1) DEFAULT NULL
) ENGINE=InnoDB DEFAULT CHARSET=latin1;

--
-- Dumping data for table `flow_control_master`
--

INSERT INTO `flow_control_master` (`Purchase_No`, `Create_Date`, `Access_Date`, `Vendor_Code`, `Total_Invalue`, `From_User`, `From_Branch`, `To_User`, `To_Branch`, `User_Level`, `Comments`, `Flow_Flag`, `Flag_Reject`) VALUES
(102, '2019-10-04 18:47:12', '2019-10-04 18:47:12', 290, 2065, 'murugan', 1, 'guru', 1, 1, '', 'Y', NULL),
(103, '2019-10-09 15:10:19', '2019-10-09 15:10:19', 1151, 24638, 'murugan', 1, 'guru', 1, 1, '', 'Y', NULL),
(104, '2019-10-09 15:10:31', '2019-10-09 15:10:31', 1151, 24638, 'murugan', 1, 'guru', 1, 1, '', 'Y', NULL),
(104, '2019-10-09 00:00:00', '2019-10-09 15:11:58', 1151, 24638, 'guru', 1, 'ac001', 1, 2, '', 'Y', NULL),
(105, '2019-10-09 15:16:54', '2019-10-09 15:16:54', 1147, 0, 'murugan', 1, 'guru', 1, 1, 'This is exclusive for testing purpose by IT Development. Please ignore', 'Y', NULL),
(106, '2019-10-09 15:26:22', '2019-10-09 15:26:22', 1016, 4785, 'murugan', 1, 'guru', 1, 1, '', 'Y', NULL),
(107, '2019-10-09 16:07:34', '2019-10-09 16:07:34', 15, 535000, 'murugan', 1, 'guru', 1, 1, '', 'Y', NULL),
(107, '2019-10-09 00:00:00', '2019-10-09 16:10:47', 15, 535000, 'guru', 1, 'murugan', 1, 2, '', 'N', 'R'),
(108, '2019-10-09 16:15:13', '2019-10-09 16:15:13', 15, 535000, 'murugan', 1, 'guru', 1, 1, '', 'Y', NULL),
(109, '2019-10-09 16:25:46', '2019-10-09 16:25:46', 283, 208632, 'murugan', 1, 'guru', 1, 1, '', 'Y', NULL),
(110, '2019-10-09 16:37:11', '2019-10-09 16:37:11', 65, 256963, 'murugan', 1, 'guru', 1, 1, '', 'Y', NULL),
(111, '2019-10-09 16:45:51', '2019-10-09 16:45:51', 596, 40095, 'murugan', 1, 'guru', 1, 1, '', 'Y', NULL),
(112, '2019-10-09 17:02:35', '2019-10-09 17:02:35', 939, 19602, 'murugan', 1, 'guru', 1, 1, '', 'Y', NULL),
(113, '2019-10-09 17:05:08', '2019-10-09 17:05:08', 539, 98437, 'murugan', 1, 'guru', 1, 1, '', 'Y', NULL),
(114, '2019-10-09 17:08:37', '2019-10-09 17:08:37', 725, 29646, 'murugan', 1, 'guru', 1, 1, '', 'Y', NULL),
(115, '2019-10-09 17:11:16', '2019-10-09 17:11:16', 736, 65308, 'murugan', 1, 'guru', 1, 1, '', 'Y', NULL),
(116, '2019-10-09 17:13:53', '2019-10-09 17:13:53', 1132, 29340, 'murugan', 1, 'guru', 1, 1, '', 'Y', NULL),
(117, '2019-10-09 17:17:32', '2019-10-09 17:17:32', 851, 229966, 'murugan', 1, 'guru', 1, 1, '', 'Y', NULL),
(106, '2019-10-09 00:00:00', '2019-10-09 17:22:17', 1016, 4785, 'guru', 1, 'ac001', 1, 2, '', 'Y', NULL),
(108, '2019-10-09 00:00:00', '2019-10-09 17:22:40', 15, 535000, 'guru', 1, 'ac001', 1, 2, '', 'Y', NULL),
(103, '2019-10-09 00:00:00', '2019-10-09 17:24:20', 1151, 24638, 'guru', 1, 'ac001', 1, 2, '', 'Y', NULL),
(105, '0000-00-00 00:00:00', '2019-10-09 17:24:34', 1147, 0, 'guru', 1, 'murugan', 1, 2, '', 'N', 'R'),
(109, '2019-10-09 00:00:00', '2019-10-09 17:24:47', 283, 208632, 'guru', 1, 'ac001', 1, 2, '', 'Y', NULL),
(110, '2019-10-09 00:00:00', '2019-10-09 17:25:17', 65, 256963, 'guru', 1, 'ac001', 1, 2, '', 'Y', NULL),
(111, '2019-10-09 00:00:00', '2019-10-09 17:25:33', 596, 40095, 'guru', 1, 'ac001', 1, 2, '', 'Y', NULL),
(113, '2019-10-09 00:00:00', '2019-10-09 17:27:03', 539, 98437, 'guru', 1, 'ac001', 1, 2, '', 'Y', NULL),
(114, '2019-10-09 00:00:00', '2019-10-09 17:27:15', 725, 29646, 'guru', 1, 'ac001', 1, 2, '', 'Y', NULL),
(115, '2019-10-09 00:00:00', '2019-10-09 17:27:27', 736, 65308, 'guru', 1, 'ac001', 1, 2, '', 'Y', NULL),
(116, '2019-10-09 00:00:00', '2019-10-09 17:27:37', 1132, 29340, 'guru', 1, 'ac001', 1, 2, '', 'Y', NULL),
(117, '2019-10-09 00:00:00', '2019-10-09 17:27:54', 851, 229966, 'guru', 1, 'ac001', 1, 2, '', 'Y', NULL),
(118, '2019-10-09 17:34:52', '2019-10-09 17:34:52', 939, 19602, 'murugan', 1, 'guru', 1, 1, '', 'Y', NULL),
(119, '2019-10-09 17:55:23', '2019-10-09 17:55:23', 939, 19602, 'murugan', 1, 'guru', 1, 1, '', 'Y', NULL),
(120, '2019-10-09 18:00:40', '2019-10-09 18:00:40', 1147, 0, 'ra001', 1, 'guru', 1, 1, 'This exclusive for testing', 'Y', NULL),
(121, '2019-10-09 18:01:33', '2019-10-09 18:01:33', 1147, 0, 'murugan', 1, 'guru', 1, 1, '', 'Y', NULL),
(122, '2019-10-09 18:02:03', '2019-10-09 18:02:03', 1147, 0, 'sudhakar', 1, 'guru', 1, 1, 'cd refund payment', 'Y', NULL),
(121, '2019-10-09 00:00:00', '2019-10-09 18:03:03', 1147, 0, 'guru', 1, 'murugan', 1, 2, '', 'N', 'R'),
(122, '0000-00-00 00:00:00', '2019-10-09 18:09:08', 1147, 0, 'guru', 1, 'ac001', 1, 2, '', 'Y', NULL),
(123, '2019-10-10 10:34:36', '2019-10-10 10:34:36', 13, 1000, 'vishnu', 1, 'su001', 1, 1, 'testing only', 'N', NULL),
(124, '2019-10-10 13:04:32', '2019-10-10 13:04:32', 40, 54565, 'murugan', 1, 'guru', 1, 1, 'sir pls approve this payment', 'Y', NULL),
(125, '2019-10-10 13:09:00', '2019-10-10 13:09:00', 16, 2460, 'murugan', 1, 'guru', 1, 1, '', 'Y', NULL),
(126, '2019-10-10 13:13:09', '2019-10-10 13:13:09', 38, 7764, 'murugan', 1, 'guru', 1, 1, '', 'Y', NULL),
(127, '2019-10-10 13:40:28', '2019-10-10 13:40:28', 5, 49360, 'murugan', 1, 'guru', 1, 1, '', 'Y', NULL),
(128, '2019-10-10 13:44:23', '2019-10-10 13:44:23', 94, 8736, 'murugan', 1, 'guru', 1, 1, '', 'Y', NULL),
(129, '2019-10-10 13:47:53', '2019-10-10 13:47:53', 171, 3333, 'murugan', 1, 'guru', 1, 1, '', 'Y', NULL),
(130, '2019-10-10 14:29:57', '2019-10-10 14:29:57', 165, 11424, 'murugan', 1, 'guru', 1, 1, 'pls approve this payment', 'Y', NULL),
(131, '2019-10-10 14:34:25', '2019-10-10 14:34:25', 175, 19712, 'murugan', 1, 'guru', 1, 1, 'pls approve this payment', 'Y', NULL),
(132, '2019-10-10 14:40:52', '2019-10-10 14:40:52', 221, 45426, 'murugan', 1, 'guru', 1, 1, 'pla approve this payment', 'Y', NULL),
(133, '2019-10-10 14:43:53', '2019-10-10 14:43:53', 323, 30240, 'murugan', 1, 'guru', 1, 1, 'pls approve this payment', 'Y', NULL),
(134, '2019-10-10 14:47:14', '2019-10-10 14:47:14', 359, 27848, 'murugan', 1, 'guru', 1, 1, 'pls approve this payment', 'Y', NULL),
(135, '2019-10-10 14:50:07', '2019-10-10 14:50:07', 403, 20807, 'murugan', 1, 'guru', 1, 1, '', 'Y', NULL),
(136, '2019-10-10 14:52:58', '2019-10-10 14:52:58', 443, 13924, 'murugan', 1, 'guru', 1, 1, '', 'Y', NULL),
(137, '2019-10-10 14:55:55', '2019-10-10 14:55:55', 510, 59999, 'murugan', 1, 'guru', 1, 1, 'pls approve this payment', 'Y', NULL),
(138, '2019-10-10 14:58:54', '2019-10-10 14:58:54', 624, 7350, 'murugan', 1, 'guru', 1, 1, 'pls approve this amount', 'Y', NULL),
(139, '2019-10-10 15:01:39', '2019-10-10 15:01:39', 745, 3605, 'murugan', 1, 'guru', 1, 1, 'pla approve this payment', 'Y', NULL),
(140, '2019-10-10 15:04:56', '2019-10-10 15:04:56', 749, 4244, 'murugan', 1, 'guru', 1, 1, 'pls approve this amount', 'Y', NULL),
(141, '2019-10-10 15:07:20', '2019-10-10 15:07:20', 758, 12285, 'murugan', 1, 'guru', 1, 1, 'pls approve this amount', 'Y', NULL),
(142, '2019-10-10 15:10:51', '2019-10-10 15:10:51', 747, 28022, 'murugan', 1, 'guru', 1, 1, 'pls approve this amount', 'Y', NULL),
(143, '2019-10-10 15:13:06', '2019-10-10 15:13:06', 879, 17472, 'murugan', 1, 'guru', 1, 1, 'pls approve this amount', 'Y', NULL),
(144, '2019-10-10 15:16:18', '2019-10-10 15:16:18', 845, 5711, 'murugan', 1, 'guru', 1, 1, 'pls approve this amount', 'Y', NULL),
(145, '2019-10-10 15:29:53', '2019-10-10 15:29:53', 1153, 28980, 'murugan', 1, 'guru', 1, 1, 'PLS APPROVE THIS PAYMENT', 'Y', NULL),
(146, '2019-10-10 15:33:10', '2019-10-10 15:33:10', 1154, 3136, 'murugan', 1, 'guru', 1, 1, 'PLS APPROVE THIS PAYMENT', 'Y', NULL),
(124, '2019-10-10 00:00:00', '2019-10-10 15:38:10', 40, 54565, 'guru', 1, 'ac001', 1, 2, '', 'Y', NULL),
(125, '2019-10-10 00:00:00', '2019-10-10 15:38:49', 16, 2460, 'guru', 1, 'ac001', 1, 2, '', 'Y', NULL),
(126, '2019-10-10 00:00:00', '2019-10-10 15:39:00', 38, 7764, 'guru', 1, 'ac001', 1, 2, '', 'Y', NULL),
(127, '2019-10-10 00:00:00', '2019-10-10 15:39:10', 5, 49360, 'guru', 1, 'ac001', 1, 2, '', 'Y', NULL),
(128, '2019-10-10 00:00:00', '2019-10-10 15:39:28', 94, 8736, 'guru', 1, 'ac001', 1, 2, '', 'Y', NULL),
(129, '2019-10-10 00:00:00', '2019-10-10 15:40:13', 171, 3333, 'guru', 1, 'ac001', 1, 2, '', 'Y', NULL),
(130, '2019-10-10 00:00:00', '2019-10-10 15:40:26', 165, 11424, 'guru', 1, 'ac001', 1, 2, '', 'Y', NULL),
(131, '2019-10-10 00:00:00', '2019-10-10 15:40:43', 175, 19712, 'guru', 1, 'ac001', 1, 2, '', 'Y', NULL),
(132, '2019-10-10 00:00:00', '2019-10-10 15:40:55', 221, 45426, 'guru', 1, 'ac001', 1, 2, '', 'Y', NULL),
(133, '2019-10-10 00:00:00', '2019-10-10 15:41:07', 323, 30240, 'guru', 1, 'ac001', 1, 2, '', 'Y', NULL),
(134, '2019-10-10 00:00:00', '2019-10-10 15:41:18', 359, 27848, 'guru', 1, 'ac001', 1, 2, '', 'Y', NULL),
(135, '2019-10-10 00:00:00', '2019-10-10 15:41:30', 403, 20807, 'guru', 1, 'ac001', 1, 2, '', 'Y', NULL),
(136, '2019-10-10 00:00:00', '2019-10-10 15:41:52', 443, 13924, 'guru', 1, 'ac001', 1, 2, '', 'Y', NULL),
(137, '2019-10-10 00:00:00', '2019-10-10 15:42:00', 510, 59999, 'guru', 1, 'ac001', 1, 2, '', 'Y', NULL),
(138, '2019-10-10 00:00:00', '2019-10-10 15:42:10', 624, 7350, 'guru', 1, 'ac001', 1, 2, '', 'Y', NULL),
(139, '2019-10-10 00:00:00', '2019-10-10 15:42:26', 745, 3605, 'guru', 1, 'ac001', 1, 2, '', 'Y', NULL),
(140, '2019-10-10 00:00:00', '2019-10-10 15:42:37', 749, 4244, 'guru', 1, 'ac001', 1, 2, '', 'Y', NULL),
(141, '2019-10-10 00:00:00', '2019-10-10 15:42:48', 758, 12285, 'guru', 1, 'ac001', 1, 2, '', 'Y', NULL),
(142, '2019-10-10 00:00:00', '2019-10-10 15:43:11', 747, 28022, 'guru', 1, 'ac001', 1, 2, '', 'Y', NULL),
(143, '2019-10-10 00:00:00', '2019-10-10 15:43:22', 879, 17472, 'guru', 1, 'ac001', 1, 2, '', 'Y', NULL),
(144, '2019-10-10 00:00:00', '2019-10-10 15:43:31', 845, 5711, 'guru', 1, 'ac001', 1, 2, '', 'Y', NULL),
(145, '2019-10-10 00:00:00', '2019-10-10 15:43:41', 1153, 28980, 'guru', 1, 'ac001', 1, 2, '', 'Y', NULL),
(146, '2019-10-10 00:00:00', '2019-10-10 15:43:52', 1154, 3136, 'guru', 1, 'ac001', 1, 2, '', 'Y', NULL),
(147, '2019-10-10 16:06:33', '2019-10-10 16:06:33', 1155, 17624, 'murugan', 1, 'guru', 1, 1, 'plsapprove this payment', 'Y', NULL),
(148, '2019-10-10 16:12:13', '2019-10-10 16:12:13', 543, 176526, 'murugan', 1, 'guru', 1, 1, 'pls approve this payment', 'Y', NULL),
(149, '2019-10-10 16:15:48', '2019-10-10 16:15:48', 287, 18163, 'murugan', 1, 'guru', 1, 1, 'pls approve this amount', 'Y', NULL),
(104, '2019-10-09 00:00:00', '2019-10-10 16:32:37', 1151, 24638, 'ac001', 1, 'guru', 1, 3, '', 'Y', 'R'),
(103, '2019-10-09 00:00:00', '2019-10-10 16:32:42', 1151, 24638, 'ac001', 1, 'guru', 1, 3, '', 'Y', 'R'),
(106, '2019-10-09 00:00:00', '2019-10-10 16:32:45', 1016, 4785, 'ac001', 1, 'guru', 1, 3, '', 'Y', 'R'),
(108, '2019-10-09 00:00:00', '2019-10-10 16:32:50', 15, 535000, 'ac001', 1, 'guru', 1, 3, '', 'Y', 'R'),
(109, '2019-10-09 00:00:00', '2019-10-10 16:32:54', 283, 208632, 'ac001', 1, 'guru', 1, 3, '', 'Y', 'R'),
(110, '2019-10-09 00:00:00', '2019-10-10 16:32:58', 65, 256963, 'ac001', 1, 'guru', 1, 3, '', 'Y', 'R'),
(111, '2019-10-09 00:00:00', '2019-10-10 16:33:02', 596, 40095, 'ac001', 1, 'guru', 1, 3, '', 'Y', 'R'),
(113, '2019-10-09 00:00:00', '2019-10-10 16:33:06', 539, 98437, 'ac001', 1, 'guru', 1, 3, '', 'Y', 'R'),
(114, '2019-10-09 00:00:00', '2019-10-10 16:33:10', 725, 29646, 'ac001', 1, 'guru', 1, 3, '', 'Y', 'R'),
(115, '2019-10-09 00:00:00', '2019-10-10 16:33:13', 736, 65308, 'ac001', 1, 'guru', 1, 3, '', 'Y', 'R'),
(116, '2019-10-09 00:00:00', '2019-10-10 16:33:17', 1132, 29340, 'ac001', 1, 'guru', 1, 3, '', 'Y', 'R'),
(117, '2019-10-09 00:00:00', '2019-10-10 16:33:21', 851, 229966, 'ac001', 1, 'guru', 1, 3, '', 'Y', 'R'),
(122, '0000-00-00 00:00:00', '2019-10-10 16:33:24', 1147, 0, 'ac001', 1, 'guru', 1, 3, '', 'Y', 'R'),
(124, '2019-10-10 00:00:00', '2019-10-10 16:33:28', 40, 54565, 'ac001', 1, 'guru', 1, 3, '', 'Y', 'R'),
(125, '2019-10-10 00:00:00', '2019-10-10 16:33:32', 16, 2460, 'ac001', 1, 'guru', 1, 3, '', 'Y', 'R'),
(126, '2019-10-10 00:00:00', '2019-10-10 16:33:37', 38, 7764, 'ac001', 1, 'guru', 1, 3, '', 'Y', 'R'),
(127, '2019-10-10 00:00:00', '2019-10-10 16:33:46', 5, 49360, 'ac001', 1, 'guru', 1, 3, '', 'Y', 'R'),
(128, '2019-10-10 00:00:00', '2019-10-10 16:33:50', 94, 8736, 'ac001', 1, 'guru', 1, 3, '', 'Y', 'R'),
(129, '2019-10-10 00:00:00', '2019-10-10 16:33:54', 171, 3333, 'ac001', 1, 'guru', 1, 3, '', 'Y', 'R'),
(130, '2019-10-10 00:00:00', '2019-10-10 16:33:58', 165, 11424, 'ac001', 1, 'guru', 1, 3, '', 'Y', 'R'),
(131, '2019-10-10 00:00:00', '2019-10-10 16:34:03', 175, 19712, 'ac001', 1, 'guru', 1, 3, '', 'Y', 'R'),
(132, '2019-10-10 00:00:00', '2019-10-10 16:34:07', 221, 45426, 'ac001', 1, 'guru', 1, 3, '', 'Y', 'R'),
(133, '2019-10-10 00:00:00', '2019-10-10 16:34:11', 323, 30240, 'ac001', 1, 'guru', 1, 3, '', 'Y', 'R'),
(134, '2019-10-10 00:00:00', '2019-10-10 16:34:15', 359, 27848, 'ac001', 1, 'guru', 1, 3, '', 'Y', 'R'),
(135, '2019-10-10 00:00:00', '2019-10-10 16:34:19', 403, 20807, 'ac001', 1, 'guru', 1, 3, '', 'Y', 'R'),
(136, '2019-10-10 00:00:00', '2019-10-10 16:34:23', 443, 13924, 'ac001', 1, 'guru', 1, 3, '', 'Y', 'R'),
(137, '2019-10-10 00:00:00', '2019-10-10 16:34:26', 510, 59999, 'ac001', 1, 'guru', 1, 3, '', 'Y', 'R'),
(138, '2019-10-10 00:00:00', '2019-10-10 16:34:30', 624, 7350, 'ac001', 1, 'guru', 1, 3, '', 'Y', 'R'),
(139, '2019-10-10 00:00:00', '2019-10-10 16:34:33', 745, 3605, 'ac001', 1, 'guru', 1, 3, '', 'Y', 'R'),
(140, '2019-10-10 00:00:00', '2019-10-10 16:34:37', 749, 4244, 'ac001', 1, 'guru', 1, 3, '', 'Y', 'R'),
(141, '2019-10-10 00:00:00', '2019-10-10 16:34:41', 758, 12285, 'ac001', 1, 'guru', 1, 3, '', 'Y', 'R'),
(142, '2019-10-10 00:00:00', '2019-10-10 16:34:44', 747, 28022, 'ac001', 1, 'guru', 1, 3, '', 'Y', 'R'),
(143, '2019-10-10 00:00:00', '2019-10-10 16:34:48', 879, 17472, 'ac001', 1, 'guru', 1, 3, '', 'Y', 'R'),
(144, '2019-10-10 00:00:00', '2019-10-10 16:34:52', 845, 5711, 'ac001', 1, 'guru', 1, 3, '', 'Y', 'R'),
(145, '2019-10-10 00:00:00', '2019-10-10 16:34:55', 1153, 28980, 'ac001', 1, 'guru', 1, 3, '', 'Y', 'R'),
(146, '2019-10-10 00:00:00', '2019-10-10 16:34:59', 1154, 3136, 'ac001', 1, 'guru', 1, 3, '', 'Y', 'R'),
(150, '2019-10-10 16:51:20', '2019-10-10 16:51:20', 37, 956250, 'murugan', 1, 'guru', 1, 1, 'pls approve this payment', 'Y', NULL),
(150, '2019-10-10 00:00:00', '2019-10-10 16:54:12', 37, 956250, 'guru', 1, 'murugan', 1, 2, '', 'N', 'R'),
(151, '2019-10-10 16:59:58', '2019-10-10 16:59:58', 37, 956250, 'murugan', 1, 'guru', 1, 1, 'pls approved this payment', 'Y', NULL),
(151, '2019-10-10 00:00:00', '2019-10-10 17:01:53', 37, 956250, 'guru', 1, 'ac001', 1, 2, '', 'Y', NULL),
(151, '2019-10-10 00:00:00', '2019-10-10 17:39:24', 37, 956250, 'ac001', 1, 'ganesan', 1, 3, 'Kindly proceed for releasing the payment', 'Y', NULL),
(152, '2019-10-10 17:40:46', '2019-10-10 17:40:46', 1147, 0, 'subu', 4, 'su001', 1, 1, 'RETURN SALARY M.VEERAMANI MDU', 'N', NULL),
(151, '2019-10-10 00:00:00', '2019-10-10 18:16:22', 37, 956250, 'ganesan', 1, 'arun', 1, 4, 'SIR, AUTHORISE THE PAYMENT ', 'N', NULL),
(153, '2019-10-10 19:24:31', '2019-10-10 19:24:31', 283, 208630, 'murugan', 1, 'guru', 1, 1, 'pls approve this payment', 'Y', NULL),
(153, '2019-10-10 00:00:00', '2019-10-10 19:28:27', 283, 208630, 'guru', 1, 'murugan', 1, 2, '', 'N', 'R'),
(154, '2019-10-10 19:32:22', '2019-10-10 19:32:22', 283, 208630, 'murugan', 1, 'guru', 1, 1, '', 'Y', NULL),
(155, '2019-10-10 19:39:24', '2019-10-10 19:39:24', 283, 208630, 'murugan', 1, 'guru', 1, 1, 'pls approve this payment', 'Y', NULL),
(155, '2019-10-10 00:00:00', '2019-10-10 19:41:17', 283, 208630, 'guru', 1, 'ac001', 1, 2, '', 'Y', NULL),
(155, '2019-10-10 00:00:00', '2019-10-11 09:31:15', 283, 208630, 'ac001', 1, 'ganesan', 1, 3, 'Kindly release the payment ', 'Y', NULL),
(156, '2019-10-11 10:43:21', '2019-10-11 10:43:21', 1147, 6400, 'murugan', 1, 'guru', 1, 1, '', 'Y', NULL),
(156, '2019-10-11 00:00:00', '2019-10-11 10:46:52', 1147, 6400, 'guru', 1, 'ac001', 1, 2, '', 'Y', NULL),
(156, '2019-10-11 00:00:00', '2019-10-11 11:45:17', 1147, 6400, 'ac001', 1, 'ganesan', 1, 3, 'Kindly release the payment', 'Y', NULL),
(156, '2019-10-11 00:00:00', '2019-10-11 12:10:20', 1147, 6400, 'ganesan', 1, 'kaliraj', 4, 4, 'SEND TO KALIRAJ SIR FOR FIRST AUTNORISATION', 'Y', NULL),
(103, '2019-10-09 00:00:00', '2019-10-11 12:22:17', 1151, 24638, 'guru', 1, 'murugan', 1, 2, '', 'N', 'R'),
(102, '2019-10-04 00:00:00', '2019-10-11 12:22:30', 290, 2065, 'guru', 1, 'murugan', 1, 2, '', 'N', 'R'),
(104, '2019-10-09 00:00:00', '2019-10-11 12:35:45', 1151, 24638, 'guru', 1, 'murugan', 1, 2, 'rejecting', 'N', 'R'),
(106, '2019-10-09 00:00:00', '2019-10-11 12:39:26', 1016, 4785, 'guru', 1, 'murugan', 1, 2, '', 'N', 'R'),
(108, '2019-10-09 00:00:00', '2019-10-11 12:39:43', 15, 535000, 'guru', 1, 'murugan', 1, 2, '', 'N', 'R'),
(120, '0000-00-00 00:00:00', '2019-10-11 12:43:38', 1147, 0, 'guru', 1, 'ra001', 1, 2, '', 'N', 'R'),
(109, '2019-10-09 00:00:00', '2019-10-11 12:44:12', 283, 208632, 'guru', 1, 'murugan', 1, 2, '', 'N', 'R'),
(147, '2019-10-10 00:00:00', '2019-10-11 12:44:34', 1155, 17624, 'guru', 1, 'murugan', 1, 2, '', 'N', 'R'),
(148, '2019-10-10 00:00:00', '2019-10-11 12:44:48', 543, 176526, 'guru', 1, 'murugan', 1, 2, '', 'N', 'R'),
(149, '2019-10-10 00:00:00', '2019-10-11 12:45:00', 287, 18163, 'guru', 1, 'murugan', 1, 2, '', 'N', 'R'),
(157, '2019-10-11 12:47:38', '2019-10-11 12:47:38', 1147, 10106, 'sudhakar', 1, 'guru', 1, 1, '', 'Y', NULL),
(110, '2019-10-09 00:00:00', '2019-10-11 12:47:39', 65, 256963, 'guru', 1, 'murugan', 1, 2, '', 'N', 'R'),
(111, '2019-10-09 00:00:00', '2019-10-11 12:48:29', 596, 40095, 'guru', 1, 'murugan', 1, 2, '', 'N', 'R'),
(113, '2019-10-09 00:00:00', '2019-10-11 12:49:44', 539, 98437, 'guru', 1, 'murugan', 1, 2, '', 'N', 'R'),
(114, '2019-10-09 00:00:00', '2019-10-11 12:50:13', 725, 29646, 'guru', 1, 'murugan', 1, 2, '', 'N', 'R'),
(115, '2019-10-09 00:00:00', '2019-10-11 12:50:23', 736, 65308, 'guru', 1, 'murugan', 1, 2, '', 'N', 'R'),
(116, '2019-10-09 00:00:00', '2019-10-11 12:50:32', 1132, 29340, 'guru', 1, 'murugan', 1, 2, '', 'N', 'R'),
(117, '2019-10-09 00:00:00', '2019-10-11 12:50:47', 851, 229966, 'guru', 1, 'murugan', 1, 2, '', 'N', 'R'),
(122, '0000-00-00 00:00:00', '2019-10-11 12:51:16', 1147, 0, 'guru', 1, 'sudhakar', 1, 2, '', 'N', 'R'),
(124, '2019-10-10 00:00:00', '2019-10-11 12:51:35', 40, 54565, 'guru', 1, 'murugan', 1, 2, '', 'N', 'R'),
(125, '2019-10-10 00:00:00', '2019-10-11 12:51:43', 16, 2460, 'guru', 1, 'murugan', 1, 2, '', 'N', 'R'),
(126, '2019-10-10 00:00:00', '2019-10-11 12:51:52', 38, 7764, 'guru', 1, 'murugan', 1, 2, '', 'N', 'R'),
(127, '2019-10-10 00:00:00', '2019-10-11 12:52:05', 5, 49360, 'guru', 1, 'murugan', 1, 2, '', 'N', 'R'),
(128, '2019-10-10 00:00:00', '2019-10-11 12:52:10', 94, 8736, 'guru', 1, 'murugan', 1, 2, '', 'N', 'R'),
(129, '2019-10-10 00:00:00', '2019-10-11 12:52:18', 171, 3333, 'guru', 1, 'murugan', 1, 2, '', 'N', 'R'),
(130, '2019-10-10 00:00:00', '2019-10-11 12:52:26', 165, 11424, 'guru', 1, 'murugan', 1, 2, '', 'N', 'R'),
(131, '2019-10-10 00:00:00', '2019-10-11 12:52:32', 175, 19712, 'guru', 1, 'murugan', 1, 2, '', 'N', 'R'),
(132, '2019-10-10 00:00:00', '2019-10-11 12:52:39', 221, 45426, 'guru', 1, 'murugan', 1, 2, '', 'N', 'R'),
(133, '2019-10-10 00:00:00', '2019-10-11 12:52:46', 323, 30240, 'guru', 1, 'murugan', 1, 2, '', 'N', 'R'),
(157, '0000-00-00 00:00:00', '2019-10-11 12:52:56', 1147, 10106, 'guru', 1, 'ac001', 1, 2, '', 'Y', NULL),
(134, '2019-10-10 00:00:00', '2019-10-11 12:53:06', 359, 27848, 'guru', 1, 'murugan', 1, 2, '', 'N', 'R'),
(135, '2019-10-10 00:00:00', '2019-10-11 12:53:15', 403, 20807, 'guru', 1, 'murugan', 1, 2, '', 'N', 'R'),
(136, '2019-10-10 00:00:00', '2019-10-11 12:57:58', 443, 13924, 'guru', 1, 'murugan', 1, 2, '', 'N', 'R'),
(136, '2019-10-10 00:00:00', '2019-10-11 12:58:14', 443, 13924, 'guru', 1, 'murugan', 1, 2, '', 'N', 'R'),
(157, '0000-00-00 00:00:00', '2019-10-11 12:58:17', 1147, 10106, 'ac001', 1, 'ganesan', 1, 3, 'N26 number to be mentioned...... Kindly process the payment', 'Y', NULL),
(137, '2019-10-10 00:00:00', '2019-10-11 12:59:27', 510, 59999, 'guru', 1, 'murugan', 1, 2, '', 'N', 'R'),
(138, '2019-10-10 00:00:00', '2019-10-11 12:59:36', 624, 7350, 'guru', 1, 'murugan', 1, 2, '', 'N', 'R'),
(139, '2019-10-10 00:00:00', '2019-10-11 12:59:43', 745, 3605, 'guru', 1, 'murugan', 1, 2, '', 'N', 'R'),
(140, '2019-10-10 00:00:00', '2019-10-11 13:00:29', 749, 4244, 'guru', 1, 'murugan', 1, 2, '', 'N', 'R'),
(141, '2019-10-10 00:00:00', '2019-10-11 13:00:43', 758, 12285, 'guru', 1, 'murugan', 1, 2, '', 'N', 'R'),
(142, '2019-10-10 00:00:00', '2019-10-11 13:00:51', 747, 28022, 'guru', 1, 'murugan', 1, 2, '', 'N', 'R'),
(143, '2019-10-10 00:00:00', '2019-10-11 13:00:58', 879, 17472, 'guru', 1, 'murugan', 1, 2, '', 'N', 'R'),
(144, '2019-10-10 00:00:00', '2019-10-11 13:01:05', 845, 5711, 'guru', 1, 'murugan', 1, 2, '', 'N', 'R'),
(145, '2019-10-10 00:00:00', '2019-10-11 13:01:11', 1153, 28980, 'guru', 1, 'murugan', 1, 2, '', 'N', 'R'),
(146, '2019-10-10 00:00:00', '2019-10-11 13:01:16', 1154, 3136, 'guru', 1, 'murugan', 1, 2, '', 'N', 'R'),
(155, '2019-10-10 00:00:00', '2019-10-11 13:02:23', 283, 208630, 'ganesan', 1, 'kaliraj', 4, 4, '', 'Y', NULL),
(155, '2019-10-10 00:00:00', '2019-10-11 13:02:58', 283, 208630, 'ganesan', 1, 'kaliraj', 4, 4, '', 'Y', NULL),
(112, '2019-10-09 00:00:00', '2019-10-11 13:11:18', 939, 19602, 'guru', 1, 'murugan', 1, 2, '', 'N', 'R'),
(118, '2019-10-09 00:00:00', '2019-10-11 13:11:25', 939, 19602, 'guru', 1, 'murugan', 1, 2, '', 'N', 'R'),
(119, '2019-09-10 00:00:00', '2019-10-11 13:11:29', 939, 19602, 'guru', 1, 'murugan', 1, 2, '', 'N', 'R'),
(154, '2019-10-10 00:00:00', '2019-10-11 13:11:44', 283, 208630, 'guru', 1, 'murugan', 1, 2, '', 'N', 'R'),
(158, '2019-10-11 13:22:36', '2019-10-11 13:22:36', 539, 98437, 'murugan', 1, 'guru', 1, 1, 'pls approve this payment', 'Y', NULL),
(158, '2019-10-11 00:00:00', '2019-10-11 13:23:41', 539, 98437, 'guru', 1, 'ac001', 1, 2, '', 'Y', NULL),
(159, '2019-10-11 14:36:07', '2019-10-11 14:36:07', 1151, 22648, 'murugan', 1, 'guru', 1, 1, 'pls approve this payment', 'Y', NULL),
(159, '2019-10-11 00:00:00', '2019-10-11 14:38:05', 1151, 22648, 'guru', 1, 'ac001', 1, 2, '', 'Y', NULL),
(160, '2019-10-11 14:47:13', '2019-10-11 14:47:13', 1147, 4330, 'ram', 4, 'su001', 1, 1, '', 'Y', NULL),
(161, '2019-10-11 14:52:00', '2019-10-11 14:52:00', 15, 638566, 'murugan', 1, 'guru', 1, 1, 'pls approve this payment', 'Y', NULL),
(161, '2019-10-11 00:00:00', '2019-10-11 14:53:53', 15, 638566, 'guru', 1, 'ac001', 1, 2, '', 'Y', NULL),
(159, '2019-10-11 00:00:00', '2019-10-11 14:58:44', 1151, 22648, 'ac001', 1, 'ganesan', 1, 3, 'Kindly process the payment', 'Y', NULL),
(158, '2019-10-11 00:00:00', '2019-10-11 15:03:15', 539, 98437, 'ac001', 1, 'ganesan', 1, 3, 'kindly process the payment', 'Y', NULL),
(160, '0000-00-00 00:00:00', '2019-10-11 15:03:52', 1147, 4330, 'su001', 1, 'ac001', 1, 2, 'OK', 'Y', NULL),
(161, '2019-10-11 00:00:00', '2019-10-11 15:06:25', 15, 638566, 'ac001', 1, 'ganesan', 1, 3, 'KINLDY PROCESS THE PAYMENT', 'Y', NULL),
(160, '0000-00-00 00:00:00', '2019-10-11 15:06:55', 1147, 4330, 'ac001', 1, 'ganesan', 1, 3, 'Kindly process the return salary payment', 'Y', NULL),
(162, '2019-10-11 15:33:08', '2019-10-11 15:33:08', 1147, 6000, 'ram', 4, 'su001', 1, 1, '', 'N', NULL),
(163, '2019-10-11 15:36:06', '2019-10-11 15:36:06', 1147, 3500, 'ram', 4, 'su001', 1, 1, '', 'N', NULL),
(164, '2019-10-11 15:37:41', '2019-10-11 15:37:41', 1147, 3500, 'ram', 4, 'su001', 1, 1, '', 'Y', NULL),
(165, '2019-10-11 15:38:45', '2019-10-11 15:38:45', 1147, 2500, 'ram', 4, 'su001', 1, 1, '', 'Y', NULL),
(164, '2019-10-11 00:00:00', '2019-10-11 15:53:22', 1147, 3500, 'su001', 1, 'ac001', 1, 2, 'OK', 'Y', NULL),
(165, '2019-10-11 00:00:00', '2019-10-11 15:58:38', 1147, 2500, 'su001', 1, 'ac001', 1, 2, 'OK', 'Y', NULL),
(165, '2019-10-11 00:00:00', '2019-10-11 16:01:33', 1147, 2500, 'ac001', 1, 'ganesan', 1, 3, 'Kindly Process the Payment', 'Y', NULL),
(164, '2019-10-11 00:00:00', '2019-10-11 16:01:59', 1147, 3500, 'ac001', 1, 'ganesan', 1, 3, 'Kindly process the payment - URGENT', 'Y', NULL),
(158, '2019-10-11 00:00:00', '2019-10-11 17:20:47', 539, 98437, 'ganesan', 1, 'kaliraj', 4, 4, 'WAITING FOR  AUTHORISATION', 'Y', NULL),
(159, '2019-10-11 00:00:00', '2019-10-11 17:22:40', 1151, 22648, 'ganesan', 1, 'kaliraj', 4, 4, 'WAITING FOR  AUTHORISATION', 'Y', NULL),
(160, '0000-00-00 00:00:00', '2019-10-11 17:44:13', 1147, 4330, 'ganesan', 1, 'kaliraj', 4, 4, 'WAITTING  FOR  1ST AND 2 ND  AUTHORISATION', 'Y', NULL),
(157, '0000-00-00 00:00:00', '2019-10-11 17:44:56', 1147, 10106, 'ganesan', 1, 'kaliraj', 4, 4, 'WAITING FOR 1ST AND 2ND AUTHORISATION', 'Y', NULL),
(164, '2019-10-11 00:00:00', '2019-10-11 17:47:59', 1147, 3500, 'ganesan', 1, 'kaliraj', 4, 4, 'WAITING FOR 1ST AND 2ND AUTHORISATION', 'Y', NULL),
(165, '2019-10-11 00:00:00', '2019-10-11 17:50:26', 1147, 2500, 'ganesan', 1, 'kaliraj', 4, 4, 'WAITING FOR 1ST AND 2ND  AUTHORISATION ', 'Y', NULL),
(166, '2019-10-11 17:52:22', '2019-10-11 17:52:22', 1147, 34601, 'murugan', 1, 'guru', 1, 1, 'pls approve this payment', 'Y', NULL),
(166, '2019-10-11 00:00:00', '2019-10-11 17:53:32', 1147, 34601, 'guru', 1, 'ac001', 1, 2, '', 'Y', NULL),
(166, '2019-10-11 00:00:00', '2019-10-11 18:10:56', 1147, 34601, 'ac001', 1, 'ganesan', 1, 3, 'OK PROCEED', 'Y', NULL),
(166, '2019-10-11 00:00:00', '2019-10-11 18:48:18', 1147, 34601, 'ac001', 1, 'ganesan', 1, 3, 'OK PROCEED', 'Y', NULL),
(166, '2019-10-11 00:00:00', '2019-10-11 18:52:25', 1147, 34601, 'ac001', 1, 'ganesan', 1, 3, 'OK PROCEED', 'Y', NULL),
(166, '2019-10-11 00:00:00', '2019-10-11 19:09:43', 1147, 34601, 'ganesan', 1, 'kaliraj', 4, 4, 'WAITING FOR 1ST AND 2ND AUTHORISATION', 'Y', NULL),
(167, '2019-10-12 09:38:06', '2019-10-12 09:38:06', 1147, 2564900, 'murugan', 1, 'guru', 1, 1, 'Pls process', 'Y', NULL),
(167, '0000-00-00 00:00:00', '2019-10-12 09:38:58', 1147, 2564900, 'guru', 1, 'murugan', 1, 2, 'attachment is corrupted', 'N', 'R'),
(168, '2019-10-12 09:39:58', '2019-10-12 09:39:58', 1147, 2564900, 'murugan', 1, 'guru', 1, 1, 'pls process', 'Y', NULL),
(169, '2019-10-12 09:53:46', '2019-10-12 09:53:46', 1147, 2564900, 'murugan', 1, 'guru', 1, 1, 'pls process', 'Y', NULL),
(169, '2019-10-12 00:00:00', '2019-10-12 09:55:59', 1147, 2564900, 'guru', 1, 'ac001', 1, 2, '', 'Y', NULL),
(166, '2019-10-11 00:00:00', '2019-10-12 11:26:36', 1147, 34601, 'kaliraj', 4, 'kaliraj', 4, 5, '', 'Y', NULL),
(169, '2019-10-12 00:00:00', '2019-10-12 11:32:52', 1147, 2564900, 'ac001', 1, 'guru', 1, 3, 'Allangers Medical - Rs. 9,56,250/- is already mentioned in N-23, which is processed... Kindly remove', 'Y', 'R'),
(169, '2019-10-12 00:00:00', '2019-10-12 12:03:05', 1147, 2564900, 'ac001', 1, 'guru', 1, 3, 'Allangers Medical - Rs. 9,56,250/- is already mentioned in N-23, which is processed... Kindly remove', 'Y', 'R'),
(169, '2019-10-12 00:00:00', '2019-10-12 12:10:11', 1147, 2564900, 'ac001', 1, 'guru', 1, 3, 'Allangers Medical - Rs. 9,56,250/- is already mentioned in N-23, which is processed... Kindly remove', 'Y', 'R'),
(170, '2019-10-12 12:16:16', '2019-10-12 12:16:16', 1147, 1608650, 'murugan', 1, 'guru', 1, 1, 'pls process', 'Y', NULL),
(170, '2019-10-12 00:00:00', '2019-10-12 12:18:20', 1147, 1608650, 'guru', 1, 'ac001', 1, 2, '', 'Y', NULL),
(168, '0000-00-00 00:00:00', '2019-10-12 12:18:34', 1147, 2564900, 'guru', 1, 'murugan', 1, 2, '', 'N', 'R'),
(155, '2019-10-10 00:00:00', '2019-10-12 12:18:44', 283, 208630, 'kaliraj', 4, 'kaliraj', 4, 5, 'PAYMENT DONE', 'Y', NULL),
(156, '2019-10-11 00:00:00', '2019-10-12 12:19:30', 1147, 6400, 'kaliraj', 4, 'kaliraj', 4, 5, 'PAYMENT DONE', 'Y', NULL),
(170, '2019-10-12 00:00:00', '2019-10-12 12:27:12', 1147, 1608650, 'ac001', 1, 'ganesan', 1, 3, 'Kindly release the payment', 'Y', NULL),
(157, '0000-00-00 00:00:00', '2019-10-12 12:27:34', 1147, 10106, 'kaliraj', 4, 'kaliraj', 4, 5, 'PAYMENT DONE', 'Y', NULL),
(158, '2019-10-11 00:00:00', '2019-10-12 12:28:05', 539, 98437, 'kaliraj', 4, 'kaliraj', 4, 5, 'PAYMENT DONE', 'Y', NULL),
(159, '2019-10-11 00:00:00', '2019-10-12 12:28:32', 1151, 22648, 'kaliraj', 4, 'kaliraj', 4, 5, 'PAYMENT DONE', 'Y', NULL),
(160, '0000-00-00 00:00:00', '2019-10-12 12:29:29', 1147, 4330, 'kaliraj', 4, 'kaliraj', 4, 5, 'PAYMENT UNDER PROCESS', 'Y', NULL),
(164, '2019-10-11 00:00:00', '2019-10-12 12:30:07', 1147, 3500, 'kaliraj', 4, 'kaliraj', 4, 5, 'PAYMENT UNDER PROCESS', 'Y', NULL),
(165, '2019-10-11 00:00:00', '2019-10-12 12:30:38', 1147, 2500, 'kaliraj', 4, 'kaliraj', 4, 5, 'PAYMENT UNDER PROCESS', 'Y', NULL),
(171, '2019-10-12 12:31:06', '2019-10-12 12:31:06', 1147, 617845, 'govind', 1, 'guru', 1, 1, 'CHENNAI CORPORATION PROPERTY TAX  & PALLAVARAM MUNICIPALITY TAX FOR THE PERIOD OF OCTOBER-2019 TO MA', 'Y', NULL),
(170, '2019-10-12 00:00:00', '2019-10-12 12:37:15', 1147, 1608650, 'ac001', 1, 'ganesan', 1, 3, 'Kindly release the payment', 'Y', NULL),
(170, '2019-10-12 00:00:00', '2019-10-12 12:56:53', 1147, 1608650, 'ac001', 1, 'ganesan', 1, 3, 'Kindly release the payment', 'Y', NULL),
(170, '2019-10-12 00:00:00', '2019-10-12 14:29:04', 1147, 1608650, 'ac001', 1, 'ganesan', 1, 3, 'Kindly release the payment', 'Y', NULL),
(170, '2019-10-12 00:00:00', '2019-10-12 14:29:17', 1147, 1608650, 'ac001', 1, 'ganesan', 1, 3, 'Kindly release the payment', 'Y', NULL),
(169, '2019-10-12 00:00:00', '2019-10-12 15:24:28', 1147, 2564900, 'guru', 1, 'murugan', 1, 2, '', 'N', 'R'),
(171, '0000-00-00 00:00:00', '2019-10-12 15:56:06', 1147, 617845, 'guru', 1, 'ac001', 1, 2, 'pls approve this payment', 'Y', NULL),
(172, '2019-10-12 16:12:03', '2019-10-12 16:12:03', 1147, 0, 'vic001', 6, 'test2', 6, 1, 'TEST INVOICE', 'N', NULL),
(173, '2019-10-12 16:40:47', '2019-10-12 16:40:47', 1142, 1166740, 'murugan', 1, 'guru', 1, 1, 'sir approve this payment', 'Y', NULL),
(174, '2019-10-12 16:45:18', '2019-10-12 16:45:18', 1147, 100000, 'murugan', 1, 'guru', 1, 1, '', 'Y', NULL),
(171, '0000-00-00 00:00:00', '2019-10-12 16:53:59', 1147, 617845, 'ac001', 1, 'ganesan', 1, 3, 'Kindly release the payment', 'Y', NULL),
(171, '0000-00-00 00:00:00', '2019-10-12 16:54:06', 1147, 617845, 'ac001', 1, 'ganesan', 1, 3, 'Kindly release the payment', 'Y', NULL),
(175, '2019-10-12 16:54:06', '2019-10-12 16:54:06', 1086, 200000, 'murugan', 1, 'guru', 1, 1, '', 'Y', NULL),
(171, '0000-00-00 00:00:00', '2019-10-12 16:59:12', 1147, 617845, 'ac001', 1, 'ganesan', 1, 3, 'Kindly release the payment', 'Y', NULL),
(173, '2019-10-12 00:00:00', '2019-10-12 16:59:17', 1142, 1166740, 'guru', 1, 'ac001', 1, 2, '', 'Y', NULL),
(174, '2019-10-12 00:00:00', '2019-10-12 16:59:43', 1147, 100000, 'guru', 1, 'ac001', 1, 2, '', 'Y', NULL),
(175, '2019-10-12 00:00:00', '2019-10-12 17:00:06', 1086, 200000, 'guru', 1, 'ac001', 1, 2, '', 'Y', NULL),
(175, '2019-10-12 00:00:00', '2019-10-12 17:00:54', 1086, 200000, 'ac001', 1, 'ganesan', 1, 3, 'Kindly release the payment', 'Y', NULL),
(174, '2019-10-12 00:00:00', '2019-10-12 17:01:09', 1147, 100000, 'ac001', 1, 'ganesan', 1, 3, 'Kindly release the payment', 'Y', NULL),
(173, '2019-10-12 00:00:00', '2019-10-12 17:02:41', 1142, 1166740, 'ac001', 1, 'ganesan', 1, 3, 'EB & Water bill payment due verified. Kindly release the payment', 'Y', NULL),
(176, '2019-10-12 17:15:10', '2019-10-12 17:15:10', 1147, 11055, 'ram', 4, 'su001', 1, 1, '', 'Y', NULL),
(177, '2019-10-12 17:17:46', '2019-10-12 17:17:46', 1147, 3066, 'ram', 4, 'su001', 1, 1, '', 'Y', NULL),
(178, '2019-10-12 17:20:19', '2019-10-12 17:20:19', 1147, 183721, 'ram', 4, 'su001', 1, 1, '', 'Y', NULL),
(176, '2019-10-12 00:00:00', '2019-10-12 17:35:12', 1147, 11055, 'su001', 1, 'ac001', 1, 2, 'OK', 'Y', NULL),
(177, '2019-10-12 00:00:00', '2019-10-12 17:38:14', 1147, 3066, 'su001', 1, 'ac001', 1, 2, 'OK', 'Y', NULL),
(178, '2019-10-12 00:00:00', '2019-10-12 17:41:44', 1147, 183721, 'su001', 1, 'ac001', 1, 2, 'OK', 'Y', NULL),
(179, '2019-10-12 17:44:49', '2019-10-12 17:44:49', 1147, 5618, 'ram', 4, 'su001', 1, 1, '', 'Y', NULL),
(179, '2019-10-12 00:00:00', '2019-10-12 17:47:02', 1147, 5618, 'su001', 1, 'ac001', 1, 2, 'OK', 'Y', NULL),
(178, '2019-10-12 00:00:00', '2019-10-12 17:47:07', 1147, 183721, 'ac001', 1, 'ganesan', 1, 3, 'it is regular supplier payment... Kindly process', 'Y', NULL),
(179, '2019-10-12 00:00:00', '2019-10-12 17:47:44', 1147, 5618, 'ac001', 1, 'ganesan', 1, 3, 'Kindly release the payment', 'Y', NULL),
(177, '2019-10-12 00:00:00', '2019-10-12 17:48:00', 1147, 3066, 'ac001', 1, 'ganesan', 1, 3, 'Kindly release the payment', 'Y', NULL),
(176, '2019-10-12 00:00:00', '2019-10-12 17:48:16', 1147, 11055, 'ac001', 1, 'ganesan', 1, 3, 'Kindly release the payment', 'Y', NULL),
(176, '2019-10-12 00:00:00', '2019-10-12 17:48:34', 1147, 11055, 'ac001', 1, 'ganesan', 1, 3, 'Kindly release the payment', 'Y', NULL),
(175, '2019-10-12 00:00:00', '2019-10-12 18:09:53', 1086, 200000, 'ganesan', 1, 'kaliraj', 4, 4, 'WAITING FOR KALAIRAJ SIR  AUTHORISATION', 'Y', NULL),
(174, '2019-10-12 00:00:00', '2019-10-12 18:11:53', 1147, 100000, 'ganesan', 1, 'kaliraj', 4, 4, 'WAITING FOR  AUTHORISATION ', 'Y', NULL),
(177, '2019-10-12 00:00:00', '2019-10-12 18:15:32', 1147, 3066, 'ganesan', 1, 'kaliraj', 4, 4, 'WAITING  FOR AUTHORISATION', 'Y', NULL),
(176, '2019-10-12 00:00:00', '2019-10-12 18:23:57', 1147, 11055, 'ganesan', 1, 'kaliraj', 4, 4, 'WAITING FOR 1 ST AUTHORISATION', 'Y', NULL),
(179, '2019-10-12 00:00:00', '2019-10-12 18:32:45', 1147, 5618, 'ganesan', 1, 'kaliraj', 4, 4, 'WAITING FOR  1ST  AND  2ND   AUTHORISATION', 'Y', NULL),
(174, '2019-10-12 00:00:00', '2019-10-12 18:49:04', 1147, 100000, 'kaliraj', 4, 'kaliraj', 4, 5, 'DONE', 'Y', NULL),
(175, '2019-10-12 00:00:00', '2019-10-12 18:49:39', 1086, 200000, 'kaliraj', 4, 'kaliraj', 4, 5, 'PAYMENT DONE', 'Y', NULL),
(176, '2019-10-12 00:00:00', '2019-10-12 18:51:50', 1147, 11055, 'kaliraj', 4, 'kaliraj', 4, 5, 'WAITING FOR SECOND AUTHORISATION', 'Y', NULL),
(177, '2019-10-12 00:00:00', '2019-10-12 18:52:57', 1147, 3066, 'kaliraj', 4, 'kaliraj', 4, 5, 'PAYMENT UNDER PROCSS', 'Y', NULL),
(179, '2019-10-12 00:00:00', '2019-10-12 18:53:31', 1147, 5618, 'kaliraj', 4, 'kaliraj', 4, 5, 'PAYMENT UNDER PROCSS', 'Y', NULL),
(180, '2019-10-14 12:45:18', '2019-10-14 12:45:18', 1147, 4800, 'ram', 4, 'su001', 1, 1, '', 'Y', NULL),
(180, '2019-10-14 00:00:00', '2019-10-14 12:58:03', 1147, 4800, 'su001', 1, 'ac001', 1, 2, 'URGENT ', 'Y', NULL),
(181, '2019-10-14 12:58:09', '2019-10-14 12:58:09', 1147, 11406, 'sa001', 1, 'guru', 1, 1, 'DR ALAUDIN\'S ARREAR PAYMENT', 'Y', NULL),
(180, '2019-10-14 00:00:00', '2019-10-14 13:01:04', 1147, 4800, 'ac001', 1, 'ganesan', 1, 3, '', 'Y', NULL),
(181, '0000-00-00 00:00:00', '2019-10-14 13:04:37', 1147, 11406, 'guru', 1, 'sa001', 1, 2, '', 'N', 'R'),
(182, '2019-10-14 13:16:48', '2019-10-14 13:16:48', 1147, 11406, 'sa001', 1, 'guru', 1, 1, 'DR ALAUDIN\'S ARREAR SALARY', 'Y', NULL),
(182, '0000-00-00 00:00:00', '2019-10-14 13:20:12', 1147, 11406, 'guru', 1, 'fm001', 1, 2, '', 'Y', NULL),
(183, '2019-10-14 13:24:50', '2019-10-14 13:24:50', 1147, 443617, 'murugan', 1, 'guru', 1, 1, '', 'Y', NULL),
(183, '2019-10-14 00:00:00', '2019-10-14 13:25:57', 1147, 443617, 'guru', 1, 'fm001', 1, 2, '', 'Y', NULL),
(183, '2019-10-14 00:00:00', '2019-10-14 13:30:27', 1147, 443617, 'fm001', 1, 'ganesan', 1, 3, 'please proceed for payment', 'Y', NULL),
(182, '0000-00-00 00:00:00', '2019-10-14 13:57:16', 1147, 11406, 'fm001', 1, 'ganesan', 1, 3, 'please process', 'Y', NULL),
(184, '2019-10-14 14:02:41', '2019-10-14 14:02:41', 1147, 260000, 'murugan', 1, 'guru', 1, 1, 'PLS PROCESS ', 'Y', NULL),
(184, '2019-10-14 00:00:00', '2019-10-14 14:04:01', 1147, 260000, 'guru', 1, 'fm001', 1, 2, '', 'Y', NULL),
(184, '2019-10-14 00:00:00', '2019-10-14 14:07:27', 1147, 260000, 'fm001', 1, 'ganesan', 1, 3, 'please process for payment', 'Y', NULL),
(185, '2019-10-14 15:35:53', '2019-10-14 15:35:53', 1147, 800, 'ram', 4, 'su001', 1, 1, '', 'Y', NULL),
(185, '2019-10-14 00:00:00', '2019-10-14 15:42:14', 1147, 800, 'su001', 1, 'ac001', 1, 2, 'URGENT', 'Y', NULL),
(186, '2019-10-14 15:42:52', '2019-10-14 15:42:52', 1147, 303417, 'sudhakar', 1, 'guru', 1, 1, '', 'Y', NULL),
(185, '2019-10-14 00:00:00', '2019-10-14 15:46:17', 1147, 800, 'ac001', 1, 'ganesan', 1, 3, 'proceed for payment', 'Y', NULL),
(187, '2019-10-14 15:48:33', '2019-10-14 15:48:33', 1147, 268775, 'sudhakar', 1, 'guru', 1, 1, '', 'Y', NULL),
(188, '2019-10-14 15:49:52', '2019-10-14 15:49:52', 1147, 34642, 'sudhakar', 1, 'guru', 1, 1, '', 'Y', NULL),
(186, '0000-00-00 00:00:00', '2019-10-14 15:55:21', 1147, 303417, 'guru', 1, 'sudhakar', 1, 2, '', 'N', 'R'),
(187, '0000-00-00 00:00:00', '2019-10-14 15:58:40', 1147, 268775, 'guru', 1, 'sudhakar', 1, 2, '', 'N', 'R'),
(188, '0000-00-00 00:00:00', '2019-10-14 15:58:44', 1147, 34642, 'guru', 1, 'sudhakar', 1, 2, '', 'N', 'R'),
(189, '2019-10-14 16:10:09', '2019-10-14 16:10:09', 1147, 303417, 'sudhakar', 1, 'guru', 1, 1, 'Sir Arrange for payment', 'Y', NULL),
(190, '2019-10-14 16:15:05', '2019-10-14 16:15:05', 1147, 8912, 'ram', 4, 'su001', 1, 1, '', 'Y', NULL),
(189, '2019-12-10 00:00:00', '2019-10-14 16:17:38', 1147, 303417, 'guru', 1, 'fm001', 1, 2, 'pls approve this payment', 'Y', NULL),
(191, '2019-10-14 16:25:35', '2019-10-14 16:25:35', 1147, 700, 'ram', 4, 'su001', 1, 1, '', 'Y', NULL),
(192, '2019-10-14 16:27:27', '2019-10-14 16:27:27', 1147, 12912, 'ram', 4, 'su001', 1, 1, '', 'Y', NULL),
(189, '2019-12-10 00:00:00', '2019-10-14 16:36:29', 1147, 303417, 'fm001', 1, 'ganesan', 1, 3, 'process for payment', 'Y', NULL),
(193, '2019-10-14 16:42:59', '2019-10-14 16:42:59', 1147, 8000, 'ram', 4, 'su001', 1, 1, '', 'Y', NULL),
(194, '2019-10-14 17:24:23', '2019-10-14 17:24:23', 1147, 0, 'sa001', 1, 'guru', 1, 1, 'DR VEENA SINGH\'S PAYMENT', 'Y', NULL),
(195, '2019-10-14 17:26:06', '2019-10-14 17:26:06', 1147, 10000, 'sa001', 1, 'guru', 1, 1, 'DR VEENA SINGH\'S SALARY', 'Y', NULL),
(196, '2019-10-14 17:26:07', '2019-10-14 17:26:07', 1147, 852491, 'murugan', 1, 'guru', 1, 1, 'pls process payment', 'Y', NULL),
(196, '2019-10-14 00:00:00', '2019-10-14 17:29:01', 1147, 852491, 'guru', 1, 'fm001', 1, 2, '', 'Y', NULL),
(194, '0000-00-00 00:00:00', '2019-10-14 17:29:58', 1147, 0, 'guru', 1, 'sa001', 1, 2, '', 'N', 'R'),
(195, '0000-00-00 00:00:00', '2019-10-14 17:30:38', 1147, 10000, 'guru', 1, 'fm001', 1, 2, '', 'Y', NULL),
(190, '2019-10-14 00:00:00', '2019-10-14 17:34:43', 1147, 8912, 'su001', 1, 'ac001', 1, 2, 'OK', 'Y', NULL),
(191, '2019-10-14 00:00:00', '2019-10-14 17:35:11', 1147, 700, 'su001', 1, 'ac001', 1, 2, 'OK', 'Y', NULL),
(192, '2019-10-14 00:00:00', '2019-10-14 17:35:35', 1147, 12912, 'su001', 1, 'ac001', 1, 2, 'OK', 'Y', NULL),
(193, '2019-10-14 00:00:00', '2019-10-14 17:35:55', 1147, 8000, 'su001', 1, 'ac001', 1, 2, 'OK', 'Y', NULL),
(195, '0000-00-00 00:00:00', '2019-10-14 17:36:10', 1147, 10000, 'fm001', 1, 'ganesan', 1, 3, 'please process for payment', 'Y', NULL),
(196, '2019-10-14 00:00:00', '2019-10-14 18:06:07', 1147, 852491, 'fm001', 1, 'ganesan', 1, 3, 'PLEASE PROCESS FOR PAYMENT', 'Y', NULL),
(193, '2019-10-14 00:00:00', '2019-10-14 18:07:45', 1147, 8000, 'ac001', 1, 'ganesan', 1, 3, 'ok', 'Y', NULL),
(191, '2019-10-14 00:00:00', '2019-10-14 18:08:09', 1147, 700, 'ac001', 1, 'ganesan', 1, 3, 'ok', 'Y', NULL),
(192, '2019-10-14 00:00:00', '2019-10-14 18:08:27', 1147, 12912, 'ac001', 1, 'ganesan', 1, 3, 'ok', 'Y', NULL),
(190, '2019-10-14 00:00:00', '2019-10-14 18:08:40', 1147, 8912, 'ac001', 1, 'ganesan', 1, 3, 'ok', 'Y', NULL),
(185, '2019-10-14 00:00:00', '2019-10-14 20:44:37', 1147, 800, 'ganesan', 1, 'kaliraj', 4, 4, 'WAITING FOR IST AND II ND AUTHORISATION', 'Y', NULL),
(180, '2019-10-14 00:00:00', '2019-10-14 20:46:46', 1147, 4800, 'ganesan', 1, 'kaliraj', 4, 4, 'WAITING FOR IST AND 2ND AUTHORISATION', 'Y', NULL),
(189, '2019-12-10 00:00:00', '2019-10-14 20:59:18', 1147, 303417, 'ganesan', 1, 'kaliraj', 4, 4, 'WAITING FOR 1 ST AND II AUTHORISATION', 'Y', NULL),
(182, '0000-00-00 00:00:00', '2019-10-14 21:06:09', 1147, 11406, 'ganesan', 1, 'kaliraj', 4, 4, 'WAITING FOR IST AND IIND AUTHORISATION', 'Y', NULL),
(195, '0000-00-00 00:00:00', '2019-10-14 21:09:54', 1147, 10000, 'ganesan', 1, 'kaliraj', 4, 4, 'WAITING FOR I ST AND 2ND AUTHORISATION', 'Y', NULL),
(192, '2019-10-14 00:00:00', '2019-10-14 21:16:41', 1147, 12912, 'ganesan', 1, 'kaliraj', 4, 4, 'WAITING FOR 1ST  , IIND AHTHORISATION', 'Y', NULL),
(190, '2019-10-14 00:00:00', '2019-10-14 21:31:41', 1147, 8912, 'ganesan', 1, 'kaliraj', 4, 4, 'WAITING FOR AUTHORISATION', 'Y', NULL),
(180, '2019-10-14 00:00:00', '2019-10-14 21:41:31', 1147, 4800, 'kaliraj', 4, 'kaliraj', 4, 5, 'WAITING FOR SECOND AUTHORISATION', 'Y', NULL),
(182, '0000-00-00 00:00:00', '2019-10-14 21:42:34', 1147, 11406, 'kaliraj', 4, 'kaliraj', 4, 5, 'WAITING FOR SECON AUTHORISATION', 'Y', NULL),
(185, '2019-10-14 00:00:00', '2019-10-14 21:43:24', 1147, 800, 'kaliraj', 4, 'kaliraj', 4, 5, 'WAITING FOR SECOND AUTH', 'Y', NULL),
(189, '2019-12-10 00:00:00', '2019-10-14 21:44:36', 1147, 303417, 'kaliraj', 4, 'kaliraj', 4, 5, 'WAITING FOR SECOND AUTHO', 'Y', NULL),
(190, '2019-10-14 00:00:00', '2019-10-14 21:45:15', 1147, 8912, 'kaliraj', 4, 'kaliraj', 4, 5, 'WAITING FOR SECOND AUTHO', 'Y', NULL),
(192, '2019-10-14 00:00:00', '2019-10-14 21:45:41', 1147, 12912, 'kaliraj', 4, 'kaliraj', 4, 5, 'WAITING FOR SECOND AUTH', 'Y', NULL),
(195, '0000-00-00 00:00:00', '2019-10-14 21:46:13', 1147, 10000, 'kaliraj', 4, 'kaliraj', 4, 5, 'WAITING FOR SECOND AUTH', 'Y', NULL),
(191, '2019-10-14 00:00:00', '2019-10-15 09:48:16', 1147, 700, 'ganesan', 1, 'kaliraj', 4, 4, 'SENT TO KALIRAJ SIR ', 'Y', NULL),
(193, '2019-10-14 00:00:00', '2019-10-15 09:50:16', 1147, 8000, 'ganesan', 1, 'kaliraj', 4, 4, 'SEN TO KALIRAJ SIR', 'Y', NULL),
(184, '2019-10-14 00:00:00', '2019-10-15 09:54:18', 1147, 260000, 'ganesan', 1, 'kaliraj', 4, 4, 'TO KALIRAJ  SIR ', 'Y', NULL),
(178, '2019-10-12 00:00:00', '2019-10-15 09:57:06', 1147, 183721, 'ganesan', 1, 'kaliraj', 4, 4, 'SENT TO KALIRAJ SIR ', 'Y', NULL),
(178, '2019-10-12 00:00:00', '2019-10-15 10:18:29', 1147, 183721, 'kaliraj', 4, 'kaliraj', 4, 5, 'PAYMENT DONE', 'Y', NULL),
(170, '2019-10-12 00:00:00', '2019-10-15 10:46:45', 1147, 1608650, 'ganesan', 1, 'kaliraj', 4, 4, 'ALL PAYMENT FINISHED', 'Y', NULL),
(196, '2019-10-14 00:00:00', '2019-10-15 11:11:12', 1147, 852491, 'ganesan', 1, 'kaliraj', 4, 4, 'SUKRAA PAYMENT  AUTHORISE SIR', 'Y', NULL),
(170, '2019-10-12 00:00:00', '2019-10-15 11:29:06', 1147, 1608650, 'kaliraj', 4, 'kaliraj', 4, 5, 'AII PAYMENT COMPLETED DONE', 'Y', NULL),
(184, '2019-10-14 00:00:00', '2019-10-15 11:30:06', 1147, 260000, 'kaliraj', 4, 'kaliraj', 4, 5, 'PETTY CASH DONE', 'Y', NULL),
(191, '2019-10-14 00:00:00', '2019-10-15 11:31:09', 1147, 700, 'kaliraj', 4, 'kaliraj', 4, 5, 'PAYMENT DONE', 'Y', NULL),
(193, '2019-10-14 00:00:00', '2019-10-15 11:31:58', 1147, 8000, 'kaliraj', 4, 'kaliraj', 4, 5, 'DR.BUDDHA SALARY DONE', 'Y', NULL),
(161, '2019-10-11 00:00:00', '2019-10-15 12:52:49', 15, 638566, 'ganesan', 1, 'kaliraj', 4, 4, 'WAITING FOR AUTHORISATION', 'Y', NULL),
(183, '2019-10-14 00:00:00', '2019-10-15 12:53:35', 1147, 443617, 'ganesan', 1, 'kaliraj', 4, 4, '', 'Y', NULL),
(161, '2019-10-11 00:00:00', '2019-10-15 13:11:06', 15, 638566, 'kaliraj', 4, 'kaliraj', 4, 5, 'WAITING FOR DR.ARUN SIR AUTHORISATION', 'Y', NULL),
(183, '2019-10-14 00:00:00', '2019-10-15 13:12:10', 1147, 443617, 'kaliraj', 4, 'kaliraj', 4, 5, 'CREDIT CARD PAYMENT DONE', 'Y', NULL),
(197, '2019-10-15 16:12:52', '2019-10-15 16:12:52', 1147, 206499, 'ram', 4, 'su001', 1, 1, '', 'Y', NULL),
(198, '2019-10-15 16:19:33', '2019-10-15 16:19:33', 1147, 206499, 'ram', 4, 'su001', 1, 1, '', 'Y', NULL),
(199, '2019-10-15 16:21:47', '2019-10-15 16:21:47', 1147, 206499, 'ram', 4, 'su001', 1, 1, '', 'Y', NULL),
(200, '2019-10-15 16:28:34', '2019-10-15 16:28:34', 1147, 206499, 'ram', 4, 'su001', 1, 1, '', 'Y', NULL),
(201, '2019-10-15 16:36:50', '2019-10-15 16:36:50', 1147, 206499, 'ram', 4, 'su001', 1, 1, '', 'Y', NULL),
(197, '2019-10-15 00:00:00', '2019-10-15 17:20:00', 1147, 206499, 'su001', 1, 'ac001', 1, 2, 'OK', 'Y', NULL),
(198, '2019-10-15 00:00:00', '2019-10-15 17:20:49', 1147, 206499, 'su001', 1, 'ac001', 1, 2, 'OK', 'Y', NULL),
(199, '2019-10-15 00:00:00', '2019-10-15 17:21:31', 1147, 206499, 'su001', 1, 'ac001', 1, 2, 'OK', 'Y', NULL),
(200, '2019-10-15 00:00:00', '2019-10-15 17:21:59', 1147, 206499, 'su001', 1, 'ac001', 1, 2, 'OK', 'Y', NULL),
(201, '2019-10-15 00:00:00', '2019-10-15 17:22:26', 1147, 206499, 'su001', 1, 'ac001', 1, 2, 'OK', 'Y', NULL),
(202, '2019-10-15 17:43:44', '2019-10-15 17:43:44', 1147, 310222, 'murugan', 1, 'guru', 1, 1, 'pls process', 'Y', NULL),
(202, '2019-10-15 00:00:00', '2019-10-15 17:46:15', 1147, 310222, 'guru', 1, 'ac001', 1, 2, '', 'Y', NULL),
(196, '2019-10-14 00:00:00', '2019-10-15 18:13:18', 1147, 852491, 'kaliraj', 4, 'kaliraj', 4, 5, 'MATHAJI MALLIKA STORE PAYMENT RS.42524.ONLY PENDING', 'Y', NULL),
(197, '2019-10-15 00:00:00', '2019-10-15 18:25:26', 1147, 206499, 'ac001', 1, 'ganesan', 1, 3, 'OK PROCEED', 'Y', NULL),
(201, '2019-10-15 00:00:00', '2019-10-15 18:29:41', 1147, 206499, 'ac001', 1, 'su001', 1, 3, 'same number used for other payment & amount mentioned also same', 'N', 'R'),
(198, '2019-10-15 00:00:00', '2019-10-15 18:29:48', 1147, 206499, 'ac001', 1, 'su001', 1, 3, 'same number used for other payment & amount mentioned also same', 'N', 'R'),
(199, '2019-10-15 00:00:00', '2019-10-15 18:29:54', 1147, 206499, 'ac001', 1, 'su001', 1, 3, 'same number used for other payment & amount mentioned also same', 'N', 'R'),
(200, '2019-10-15 00:00:00', '2019-10-15 18:30:00', 1147, 206499, 'ac001', 1, 'su001', 1, 3, 'same number used for other payment & amount mentioned also same', 'N', 'R'),
(202, '2019-10-15 00:00:00', '2019-10-15 18:32:22', 1147, 310222, 'ac001', 1, 'ganesan', 1, 3, 'kindly release the payment', 'Y', NULL),
(197, '2019-10-15 00:00:00', '2019-10-15 21:24:59', 1147, 206499, 'ganesan', 1, 'kaliraj', 4, 4, 'PAYMENT PAID ', 'Y', NULL),
(197, '2019-10-15 00:00:00', '2019-10-16 10:23:34', 1147, 206499, 'kaliraj', 4, 'kaliraj', 4, 5, 'AIRTEL PAYMENT RS.11800.DONE', 'Y', NULL),
(203, '2019-10-16 10:55:09', '2019-10-16 10:55:09', 1147, 127633, 'ram', 4, 'su001', 1, 1, '', 'Y', NULL),
(204, '2019-10-16 10:57:08', '2019-10-16 10:57:08', 1147, 8850, 'ram', 4, 'su001', 1, 1, '', 'Y', NULL),
(205, '2019-10-16 10:59:29', '2019-10-16 10:59:29', 1147, 12316, 'ram', 4, 'su001', 1, 1, '', 'Y', NULL),
(206, '2019-10-16 11:01:44', '2019-10-16 11:01:44', 1147, 45900, 'ram', 4, 'su001', 1, 1, '', 'Y', NULL),
(203, '2019-10-16 00:00:00', '2019-10-16 11:05:45', 1147, 127633, 'su001', 1, 'ac001', 1, 2, 'OK', 'Y', NULL),
(204, '2019-10-16 00:00:00', '2019-10-16 11:07:24', 1147, 8850, 'su001', 1, 'ac001', 1, 2, 'OK', 'Y', NULL),
(203, '2019-10-16 00:00:00', '2019-10-16 11:07:36', 1147, 127633, 'ac001', 1, 'ganesan', 1, 3, 'kindly release the payment', 'Y', NULL),
(205, '2019-10-16 00:00:00', '2019-10-16 11:07:56', 1147, 12316, 'su001', 1, 'ac001', 1, 2, 'OK', 'Y', NULL),
(206, '2019-10-16 00:00:00', '2019-10-16 11:09:19', 1147, 45900, 'su001', 1, 'ac001', 1, 2, 'OK', 'Y', NULL),
(204, '2019-10-16 00:00:00', '2019-10-16 11:11:52', 1147, 8850, 'ac001', 1, 'ganesan', 1, 3, 'Kindly release the payment', 'Y', NULL),
(204, '2019-10-16 00:00:00', '2019-10-16 11:19:15', 1147, 8850, 'ganesan', 1, 'kaliraj', 4, 4, 'SENT TO KALIRAJ SIR', 'Y', NULL),
(206, '2019-10-16 00:00:00', '2019-10-16 11:32:17', 1147, 45900, 'ac001', 1, 'ganesan', 1, 3, 'Kindly release the payment', 'Y', NULL),
(205, '2019-10-16 00:00:00', '2019-10-16 11:32:36', 1147, 12316, 'ac001', 1, 'ganesan', 1, 3, 'Kindly release the payment', 'Y', NULL),
(205, '2019-10-16 00:00:00', '2019-10-16 11:32:41', 1147, 12316, 'ac001', 1, 'ganesan', 1, 3, 'Kindly release the payment', 'Y', NULL),
(205, '2019-10-16 00:00:00', '2019-10-16 11:52:18', 1147, 12316, 'ac001', 1, 'ganesan', 1, 3, 'Kindly release the payment', 'Y', NULL),
(205, '2019-10-16 00:00:00', '2019-10-16 11:53:55', 1147, 12316, 'ac001', 1, 'ganesan', 1, 3, 'Kindly release the payment', 'Y', NULL),
(205, '2019-10-16 00:00:00', '2019-10-16 11:54:14', 1147, 12316, 'ac001', 1, 'ganesan', 1, 3, 'Kindly release the payment', 'Y', NULL),
(205, '2019-10-16 00:00:00', '2019-10-16 11:55:28', 1147, 12316, 'ac001', 1, 'ganesan', 1, 3, 'Kindly release the payment', 'Y', NULL),
(207, '2019-10-16 12:20:36', '2019-10-16 12:20:36', 1147, 1000, 'sudhakar', 1, 'test2', 6, 1, 'this is a test request from it development team', 'N', NULL),
(204, '2019-10-16 00:00:00', '2019-10-16 12:29:46', 1147, 8850, 'kaliraj', 4, 'kaliraj', 4, 5, 'PAYMENT DONE', 'Y', NULL),
(208, '2019-10-16 15:02:07', '2019-10-16 15:02:07', 1147, 1342, 'ram', 4, 'su001', 1, 1, '', 'Y', NULL),
(208, '2019-10-16 00:00:00', '2019-10-16 15:16:26', 1147, 1342, 'su001', 1, 'ac001', 1, 2, 'OK URGENT', 'Y', NULL),
(208, '2019-10-16 00:00:00', '2019-10-16 15:49:11', 1147, 1342, 'ac001', 1, 'ganesan', 1, 3, 'ok', 'Y', NULL),
(209, '2019-10-16 15:56:01', '2019-10-16 15:56:01', 1147, 41270, 'murugan', 1, 'guru', 1, 1, 'PLS PROCESS', 'Y', NULL),
(208, '2019-10-16 00:00:00', '2019-10-16 15:57:09', 1147, 1342, 'ac001', 1, 'ganesan', 1, 3, 'ok', 'Y', NULL),
(209, '2019-10-16 00:00:00', '2019-10-16 15:57:21', 1147, 41270, 'guru', 1, 'ac001', 1, 2, 'pls approve this payment', 'Y', NULL),
(209, '2019-10-16 00:00:00', '2019-10-16 15:59:58', 1147, 41270, 'ac001', 1, 'guru', 1, 3, 'NO ATTACHMENT HENCE I REJECTED', 'Y', 'R'),
(209, '2019-10-16 00:00:00', '2019-10-16 16:02:07', 1147, 41270, 'guru', 1, 'murugan', 1, 2, '', 'Y', 'R'),
(209, '2019-10-16 00:00:00', '2019-10-16 16:04:25', 1147, 41270, 'murugan', 1, 'guru', 1, 1, '', 'Y', NULL),
(210, '2019-10-16 16:06:28', '2019-10-16 16:06:28', NULL, 1200, 'vic001', 6, 'test2', 6, 1, 'testing from it development', 'N', NULL),
(211, '2019-10-16 16:08:54', '2019-10-16 16:08:54', 1147, 41270, 'murugan', 1, 'guru', 1, 1, 'pls process', 'Y', NULL),
(209, '2019-10-16 00:00:00', '2019-10-16 16:10:07', 1147, 41270, 'guru', 1, 'murugan', 1, 2, '', 'N', 'R'),
(212, '2019-10-16 16:10:31', '2019-10-16 16:10:31', 1147, 0, 'vic001', 6, 'test2', 6, 1, 'test', 'N', NULL),
(213, '2019-10-16 16:12:31', '2019-10-16 16:12:31', 1147, 0, 'vic001', 6, 'test2', 6, 1, 'test invoce', 'N', NULL),
(211, '2019-10-16 00:00:00', '2019-10-16 16:12:56', 1147, 41270, 'guru', 1, 'ac001', 1, 2, '', 'Y', NULL),
(214, '2019-10-16 16:14:15', '2019-10-16 16:14:15', 1147, 1000, 'vic001', 6, 'test2', 6, 1, 'test invoice', 'N', NULL),
(215, '2019-10-16 16:16:41', '2019-10-16 16:16:41', 1147, 3065, 'sudhakar', 1, 'guru', 1, 1, '', 'Y', NULL),
(215, '2019-10-16 00:00:00', '2019-10-16 16:20:57', 1147, 3065, 'guru', 1, 'sudhakar', 1, 2, 'reason no invoice number', 'N', 'R'),
(211, '2019-10-16 00:00:00', '2019-10-16 16:39:17', 1147, 41270, 'ac001', 1, 'ganesan', 1, 3, 'ok', 'Y', NULL),
(216, '2019-10-16 16:51:37', '2019-10-16 16:51:37', 1147, 14880, 'ram', 4, 'su001', 1, 1, '', 'Y', NULL);
INSERT INTO `flow_control_master` (`Purchase_No`, `Create_Date`, `Access_Date`, `Vendor_Code`, `Total_Invalue`, `From_User`, `From_Branch`, `To_User`, `To_Branch`, `User_Level`, `Comments`, `Flow_Flag`, `Flag_Reject`) VALUES
(203, '2019-10-16 00:00:00', '2019-10-16 16:53:08', 1147, 127633, 'ganesan', 1, 'kaliraj', 4, 4, 'SENT TO KALIRAJ SIR', 'Y', NULL),
(205, '2019-10-16 00:00:00', '2019-10-16 17:02:32', 1147, 12316, 'ganesan', 1, 'kaliraj', 4, 4, 'SENT TO KALIRAJ SIR', 'Y', NULL),
(206, '2019-10-16 00:00:00', '2019-10-16 17:05:33', 1147, 45900, 'ganesan', 1, 'kaliraj', 4, 4, 'SENT TO KALIRAJ SIR', 'Y', NULL),
(216, '2019-10-16 00:00:00', '2019-10-16 17:12:22', 1147, 14880, 'su001', 1, 'ac001', 1, 2, 'OK', 'Y', NULL),
(217, '2019-10-16 17:30:14', '2019-10-16 17:30:14', 1147, 520493, 'murugan', 1, 'guru', 1, 1, 'pls process the item', 'Y', NULL),
(202, '2019-10-15 00:00:00', '2019-10-16 17:33:27', 1147, 310222, 'ganesan', 1, 'kaliraj', 4, 4, 'SENT TO KALAIRAJ SIR', 'N', NULL),
(217, '2019-10-16 00:00:00', '2019-10-16 17:34:03', 1147, 520493, 'guru', 1, 'ac001', 1, 2, 'pls approve this payment', 'Y', NULL),
(203, '2019-10-16 00:00:00', '2019-10-16 17:36:47', 1147, 127633, 'kaliraj', 4, 'kaliraj', 4, 5, 'PAYMENT DONE', 'Y', NULL),
(205, '2019-10-16 00:00:00', '2019-10-16 17:38:22', 1147, 12316, 'kaliraj', 4, 'kaliraj', 4, 5, 'PAYMENT UNDER PROCESS WAITING FOR SECOND AUTH', 'Y', NULL),
(205, '2019-10-16 00:00:00', '2019-10-16 17:38:27', 1147, 12316, 'kaliraj', 4, 'kaliraj', 4, 5, 'PAYMENT UNDER PROCESS WAITING FOR SECOND AUTH', 'Y', NULL),
(206, '2019-10-16 00:00:00', '2019-10-16 17:39:47', 1147, 45900, 'kaliraj', 4, 'kaliraj', 4, 5, 'WAITING FOR SECOND AUTH', 'Y', NULL),
(206, '2019-10-16 00:00:00', '2019-10-16 17:40:05', 1147, 45900, 'kaliraj', 4, 'kaliraj', 4, 5, 'WAITING FOR SECOND AUTH', 'Y', NULL),
(206, '2019-10-16 00:00:00', '2019-10-16 17:40:29', 1147, 45900, 'kaliraj', 4, 'kaliraj', 4, 5, 'WAITING FOR SECOND AUTH', 'Y', NULL),
(206, '2019-10-16 00:00:00', '2019-10-16 17:40:43', 1147, 45900, 'kaliraj', 4, 'kaliraj', 4, 5, 'WAITING FOR SECOND AUTH', 'Y', NULL),
(218, '2019-10-16 17:43:12', '2019-10-16 17:43:12', 1147, 3065, 'sudhakar', 1, 'guru', 1, 1, '', 'Y', NULL),
(211, '2019-10-16 00:00:00', '2019-10-16 17:46:33', 1147, 41270, 'ganesan', 1, 'kaliraj', 4, 4, 'send to kaliraj sir', 'Y', NULL),
(171, '0000-00-00 00:00:00', '2019-10-16 17:48:45', 1147, 617845, 'ganesan', 1, 'kaliraj', 4, 4, 'sent to kaliraj sir ', 'N', NULL),
(173, '2019-10-12 00:00:00', '2019-10-16 17:50:20', 1142, 1166740, 'ganesan', 1, 'kaliraj', 4, 4, 'kaliraj  sir ', 'N', NULL),
(205, '2019-10-16 00:00:00', '2019-10-16 18:02:10', 1147, 12316, 'ac001', 1, 'ganesan', 1, 3, 'Kindly release the payment', 'Y', NULL),
(211, '2019-10-16 00:00:00', '2019-10-16 18:15:04', 1147, 41270, 'kaliraj', 4, 'kaliraj', 4, 5, 'WAITING FOR SECOND AUTH', 'Y', NULL),
(217, '2019-10-16 00:00:00', '2019-10-16 18:18:50', 1147, 520493, 'ac001', 1, 'guru', 1, 3, 'due to shortage of tds & sheet 2 eb details attached...', 'N', 'R'),
(216, '2019-10-16 00:00:00', '2019-10-16 18:24:08', 1147, 14880, 'ac001', 1, 'ganesan', 1, 3, 'Kindly release the payment', 'Y', NULL),
(219, '2019-10-16 18:37:48', '2019-10-16 18:37:48', 1147, 507027, 'murugan', 1, 'guru', 1, 1, 'pls process', 'Y', NULL),
(216, '2019-10-16 00:00:00', '2019-10-16 18:39:15', 1147, 14880, 'ac001', 1, 'ganesan', 1, 3, 'Kindly release the payment', 'Y', NULL),
(216, '2019-10-16 00:00:00', '2019-10-16 18:39:23', 1147, 14880, 'ac001', 1, 'ganesan', 1, 3, 'Kindly release the payment', 'Y', NULL),
(216, '2019-10-16 00:00:00', '2019-10-16 18:40:42', 1147, 14880, 'ac001', 1, 'ganesan', 1, 3, 'Kindly release the payment', 'Y', NULL),
(220, '2019-10-16 18:42:35', '2019-10-16 18:42:35', 1147, 10574, 'murugan', 1, 'guru', 1, 1, 'pls process', 'Y', NULL),
(221, '2019-10-16 18:45:19', '2019-10-16 18:45:19', 1147, 3065, 'murugan', 1, 'guru', 1, 1, 'pls process', 'Y', NULL),
(219, '2019-10-16 00:00:00', '2019-10-16 18:47:18', 1147, 507027, 'guru', 1, 'ac001', 1, 2, 'pls approve this payment', 'Y', NULL),
(220, '2019-10-16 00:00:00', '2019-10-16 18:48:09', 1147, 10574, 'guru', 1, 'ac001', 1, 2, 'pls approve this payment', 'Y', NULL),
(221, '2019-10-16 00:00:00', '2019-10-16 18:48:54', 1147, 3065, 'guru', 1, 'ac001', 1, 2, 'pls approve this payment', 'Y', NULL),
(216, '2019-10-16 00:00:00', '2019-10-16 19:32:18', 1147, 14880, 'ganesan', 1, 'kaliraj', 4, 4, 'SENT TO KALIRAJ SIR', 'Y', NULL),
(208, '2019-10-16 00:00:00', '2019-10-16 19:32:44', 1147, 1342, 'ganesan', 1, 'kaliraj', 4, 4, '', 'Y', NULL),
(205, '2019-10-16 00:00:00', '2019-10-16 19:33:40', 1147, 12316, 'ganesan', 1, 'kaliraj', 4, 4, 'SEND TO KALIRAJ SIR', 'Y', NULL),
(205, '2019-10-16 00:00:00', '2019-10-16 19:34:54', 1147, 12316, 'ganesan', 1, 'kaliraj', 4, 4, '  SENT TO KALIRAJ SIR', 'Y', NULL),
(205, '2019-10-16 00:00:00', '2019-10-16 20:25:20', 1147, 12316, 'kaliraj', 4, 'kaliraj', 4, 5, 'WAITING FOR SECOND AUTH', 'Y', NULL),
(216, '2019-10-16 00:00:00', '2019-10-16 20:26:38', 1147, 14880, 'kaliraj', 4, 'kaliraj', 4, 5, 'WAITING FOR SECND AUTH', 'Y', NULL),
(216, '2019-10-16 00:00:00', '2019-10-16 20:26:43', 1147, 14880, 'kaliraj', 4, 'kaliraj', 4, 5, 'WAITING FOR SECND AUTH', 'Y', NULL),
(216, '2019-10-16 00:00:00', '2019-10-16 20:26:52', 1147, 14880, 'kaliraj', 4, 'kaliraj', 4, 5, 'WAITING FOR SECND AUTH', 'Y', NULL),
(216, '2019-10-16 00:00:00', '2019-10-16 20:27:37', 1147, 14880, 'kaliraj', 4, 'kaliraj', 4, 5, 'WAITING FORSECOND AUTH', 'Y', NULL),
(216, '2019-10-16 00:00:00', '2019-10-16 20:27:55', 1147, 14880, 'kaliraj', 4, 'kaliraj', 4, 5, 'WAITING FORSECOND AUTH', 'Y', NULL),
(216, '2019-10-16 00:00:00', '2019-10-16 20:28:00', 1147, 14880, 'kaliraj', 4, 'kaliraj', 4, 5, 'WAITING FORSECOND AUTH', 'Y', NULL),
(221, '2019-10-16 00:00:00', '2019-10-17 09:27:13', 1147, 3065, 'ac001', 1, 'ganesan', 1, 3, 'ok', 'Y', NULL),
(220, '2019-10-16 00:00:00', '2019-10-17 09:28:31', 1147, 10574, 'ac001', 1, 'ganesan', 1, 3, 'ok', 'Y', NULL),
(219, '2019-10-16 00:00:00', '2019-10-17 09:30:10', 1147, 507027, 'ac001', 1, 'ganesan', 1, 3, 'ok', 'Y', NULL),
(222, '2019-10-17 09:41:52', '2019-10-17 09:41:52', 1147, 2800, 'ram', 4, 'su001', 1, 1, '', 'Y', NULL),
(219, '2019-10-16 00:00:00', '2019-10-17 09:44:11', 1147, 507027, 'ac001', 1, 'ganesan', 1, 3, 'ok', 'Y', NULL),
(222, '2019-10-17 00:00:00', '2019-10-17 09:50:03', 1147, 2800, 'su001', 1, 'ac001', 1, 2, 'OK URGENT', 'Y', NULL),
(222, '2019-10-17 00:00:00', '2019-10-17 10:12:33', 1147, 2800, 'ac001', 1, 'ganesan', 1, 3, 'ok', 'Y', NULL),
(208, '2019-10-16 00:00:00', '2019-10-17 10:44:24', 1147, 1342, 'kaliraj', 4, 'kaliraj', 4, 5, 'AIRTEL PAYMENT DONE', 'Y', NULL),
(222, '2019-10-17 00:00:00', '2019-10-17 10:58:52', 1147, 2800, 'ganesan', 1, 'kaliraj', 4, 4, 'SENT TO KALAIRAJ SIR', 'Y', NULL),
(221, '2019-10-16 00:00:00', '2019-10-17 11:02:10', 1147, 3065, 'ganesan', 1, 'kaliraj', 4, 4, 'SEND TO KALIRAJ SIR', 'Y', NULL),
(220, '2019-10-16 00:00:00', '2019-10-17 11:05:15', 1147, 10574, 'ganesan', 1, 'kaliraj', 4, 4, 'SENT TO K R SIR ', 'N', NULL),
(222, '2019-10-17 00:00:00', '2019-10-17 11:15:19', 1147, 2800, 'kaliraj', 4, 'kaliraj', 4, 5, 'WAITING FOR SECOND AUTH', 'Y', NULL),
(221, '2019-10-16 00:00:00', '2019-10-17 11:17:25', 1147, 3065, 'kaliraj', 4, 'kaliraj', 4, 5, 'WAITING FOR SECOND AUTH', 'Y', NULL),
(219, '2019-10-16 00:00:00', '2019-10-17 11:35:05', 1147, 507027, 'ganesan', 1, 'kaliraj', 4, 4, 'SENT TO KALARAJ SIR', 'Y', NULL),
(219, '2019-10-16 00:00:00', '2019-10-17 12:29:37', 1147, 507027, 'ac001', 1, 'ganesan', 1, 3, 'ok', 'Y', NULL),
(219, '2019-10-16 00:00:00', '2019-10-17 13:01:16', 1147, 507027, 'ac001', 1, 'ganesan', 1, 3, 'ok', 'Y', NULL),
(219, '2019-10-16 00:00:00', '2019-10-17 13:51:07', 1147, 507027, 'ac001', 1, 'ganesan', 1, 3, 'ok', 'Y', NULL),
(219, '2019-10-16 00:00:00', '2019-10-17 13:52:39', 1147, 507027, 'ac001', 1, 'ganesan', 1, 3, 'ok', 'Y', NULL),
(219, '2019-10-16 00:00:00', '2019-10-17 13:53:38', 1147, 507027, 'ac001', 1, 'ganesan', 1, 3, 'ok', 'Y', NULL),
(219, '2019-10-16 00:00:00', '2019-10-17 13:54:43', 1147, 507027, 'ac001', 1, 'ganesan', 1, 3, 'ok', 'Y', NULL),
(223, '2019-10-17 13:55:08', '2019-10-17 13:55:08', 1086, 200000, 'murugan', 1, 'guru', 1, 1, 'ple process', 'Y', NULL),
(223, '2019-10-17 00:00:00', '2019-10-17 13:57:11', 1086, 200000, 'guru', 1, 'ac001', 1, 2, 'pls approve this payment', 'Y', NULL),
(219, '2019-10-16 00:00:00', '2019-10-17 13:57:47', 1147, 507027, 'ac001', 1, 'ganesan', 1, 3, 'ok', 'Y', NULL),
(223, '2019-10-17 00:00:00', '2019-10-17 13:58:30', 1086, 200000, 'ac001', 1, 'ganesan', 1, 3, 'ok', 'Y', NULL),
(223, '2019-10-17 00:00:00', '2019-10-17 14:11:31', 1086, 200000, 'ac001', 1, 'ganesan', 1, 3, 'ok', 'Y', NULL),
(223, '2019-10-17 00:00:00', '2019-10-17 14:19:13', 1086, 200000, 'ac001', 1, 'ganesan', 1, 3, 'ok', 'Y', NULL),
(224, '2019-10-17 14:30:15', '2019-10-17 14:30:15', 1141, 1944, 'murugan', 1, 'guru', 1, 1, 'pls process', 'Y', NULL),
(224, '2019-10-17 00:00:00', '2019-10-17 14:31:16', 1141, 1944, 'guru', 1, 'ac001', 1, 2, '', 'Y', NULL),
(224, '2019-10-17 00:00:00', '2019-10-17 14:33:44', 1141, 1944, 'ac001', 1, 'ganesan', 1, 3, 'ok', 'Y', NULL),
(223, '2019-10-17 00:00:00', '2019-10-17 14:36:49', 1086, 200000, 'ganesan', 1, 'kaliraj', 4, 4, 'SENT TO KALIRAJ SIR', 'Y', NULL),
(224, '2019-10-17 00:00:00', '2019-10-17 14:38:56', 1141, 1944, 'ganesan', 1, 'kaliraj', 4, 4, 'SENT TO KALIRAL SIR', 'Y', NULL),
(223, '2019-10-17 00:00:00', '2019-10-17 15:00:09', 1086, 200000, 'kaliraj', 4, 'kaliraj', 4, 5, 'VA TECH PAYMENT DONE', 'Y', NULL),
(225, '2019-10-17 15:36:29', '2019-10-17 15:36:29', 1147, 15900, 'murugan', 1, 'guru', 1, 1, 'pls process', 'Y', NULL),
(225, '2019-10-17 00:00:00', '2019-10-17 15:38:18', 1147, 15900, 'guru', 1, 'ac001', 1, 2, 'pls approve this amount', 'Y', NULL),
(224, '2019-10-17 00:00:00', '2019-10-17 15:39:58', 1141, 1944, 'ac001', 1, 'ganesan', 1, 3, 'ok', 'Y', NULL),
(225, '2019-10-17 00:00:00', '2019-10-17 15:43:07', 1147, 15900, 'ac001', 1, 'ganesan', 1, 3, 'ok', 'Y', NULL),
(225, '2019-10-17 00:00:00', '2019-10-17 16:51:47', 1147, 15900, 'ac001', 1, 'ganesan', 1, 3, 'ok', 'Y', NULL),
(226, '2019-10-17 16:57:19', '2019-10-17 16:57:19', 1138, 170081, 'ram', 4, 'su001', 1, 1, '', 'Y', NULL),
(226, '2019-10-17 00:00:00', '2019-10-17 17:11:37', 1138, 170081, 'su001', 1, 'ac001', 1, 2, 'OK', 'Y', NULL),
(226, '2019-10-17 00:00:00', '2019-10-17 17:11:59', 1138, 170081, 'su001', 1, 'ac001', 1, 2, 'OK', 'Y', NULL),
(226, '2019-10-17 00:00:00', '2019-10-17 17:12:00', 1138, 170081, 'su001', 1, 'ac001', 1, 2, 'OK', 'Y', NULL),
(224, '2019-10-17 00:00:00', '2019-10-17 17:21:17', 1141, 1944, 'ganesan', 1, 'kaliraj', 4, 4, '', 'Y', NULL),
(225, '2019-10-17 00:00:00', '2019-10-17 17:29:53', 1147, 15900, 'ganesan', 1, 'kaliraj', 4, 4, 'SENT TO KALIRAJ SIR', 'Y', NULL),
(227, '2019-10-17 17:51:02', '2019-10-17 17:51:02', 1147, 40982, 'murugan', 1, 'guru', 1, 1, 'pls process', 'Y', NULL),
(226, '2019-10-17 00:00:00', '2019-10-17 17:51:14', 1138, 170081, 'ac001', 1, 'ganesan', 1, 3, 'ok', 'Y', NULL),
(227, '2019-10-17 00:00:00', '2019-10-17 17:52:31', 1147, 40982, 'guru', 1, 'ac001', 1, 2, 'pls approve this payment', 'Y', NULL),
(225, '2019-10-17 00:00:00', '2019-10-17 17:56:24', 1147, 15900, 'kaliraj', 4, 'kaliraj', 4, 5, 'WAITING FOR SECOND AUTH', 'Y', NULL),
(228, '2019-10-17 17:57:56', '2019-10-17 17:57:56', 1147, 2239240, 'murugan', 1, 'guru', 1, 1, 'pls process', 'Y', NULL),
(228, '2019-10-17 00:00:00', '2019-10-17 17:59:22', 1147, 2239240, 'guru', 1, 'ac001', 1, 2, 'pls approve this payment', 'Y', NULL),
(224, '2019-10-17 00:00:00', '2019-10-17 18:01:19', 1141, 1944, 'kaliraj', 4, 'kaliraj', 4, 5, 'AIRTEL PAYMENT DONE', 'Y', NULL),
(226, '2019-10-17 00:00:00', '2019-10-17 18:04:03', 1138, 170081, 'ac001', 1, 'ganesan', 1, 3, 'ok', 'Y', NULL),
(227, '2019-10-17 00:00:00', '2019-10-17 18:05:25', 1147, 40982, 'ac001', 1, 'ganesan', 1, 3, 'ok', 'Y', NULL),
(227, '2019-10-17 00:00:00', '2019-10-17 18:09:02', 1147, 40982, 'ganesan', 1, 'kaliraj', 4, 4, 'SENT TO KALIRAJ SIR', 'Y', NULL),
(228, '2019-10-17 00:00:00', '2019-10-17 18:15:59', 1147, 2239240, 'ac001', 1, 'ganesan', 1, 3, 'ok', 'Y', NULL),
(228, '2019-10-17 00:00:00', '2019-10-17 18:22:33', 1147, 2239240, 'ac001', 1, 'ganesan', 1, 3, 'ok', 'Y', NULL),
(226, '2019-10-17 00:00:00', '2019-10-17 18:24:27', 1138, 170081, 'ganesan', 1, 'kaliraj', 4, 4, 'SENT  TO KALIRAJ SIR', 'Y', NULL),
(228, '2019-10-17 00:00:00', '2019-10-17 18:26:17', 1147, 2239240, 'ac001', 1, 'ganesan', 1, 3, 'ok', 'Y', NULL),
(228, '2019-10-17 00:00:00', '2019-10-17 18:27:15', 1147, 2239240, 'ac001', 1, 'ganesan', 1, 3, 'ok', 'Y', NULL),
(228, '2019-10-17 00:00:00', '2019-10-17 18:28:21', 1147, 2239240, 'ac001', 1, 'ganesan', 1, 3, 'ok', 'Y', NULL),
(227, '2019-10-17 00:00:00', '2019-10-17 18:35:32', 1147, 40982, 'kaliraj', 4, 'kaliraj', 4, 5, 'STAFF INCENTIVE UNDER PROCSS WAITING FOR  SECOND AUTH', 'Y', NULL),
(226, '2019-10-17 00:00:00', '2019-10-17 19:28:49', 1138, 170081, 'kaliraj', 4, 'kaliraj', 4, 5, 'PARTY PAYMENT COMPLETE DONE', 'Y', NULL),
(229, '2019-10-18 11:08:59', '2019-10-18 11:08:59', 186, 200000, 'murugan', 1, 'guru', 1, 1, 'pls process', 'Y', NULL),
(229, '2019-10-18 00:00:00', '2019-10-18 11:10:25', 186, 200000, 'guru', 1, 'ac001', 1, 2, 'pls approve this amount', 'Y', NULL),
(229, '2019-10-18 00:00:00', '2019-10-18 11:15:45', 186, 200000, 'ac001', 1, 'ganesan', 1, 3, 'ok', 'Y', NULL),
(230, '2019-10-18 11:31:14', '2019-10-18 11:31:14', 1147, 3440, 'ram', 4, 'su001', 1, 1, '', 'Y', NULL),
(230, '2019-10-18 00:00:00', '2019-10-18 11:42:27', 1147, 3440, 'su001', 1, 'ac001', 1, 2, 'OK', 'Y', NULL),
(229, '2019-10-18 00:00:00', '2019-10-18 11:47:32', 186, 200000, 'ac001', 1, 'ganesan', 1, 3, 'ok', 'Y', NULL),
(230, '2019-10-18 00:00:00', '2019-10-18 11:49:10', 1147, 3440, 'ac001', 1, 'ganesan', 1, 3, 'OK', 'Y', NULL),
(230, '2019-10-18 00:00:00', '2019-10-18 12:15:43', 1147, 3440, 'ac001', 1, 'ganesan', 1, 3, 'OK', 'Y', NULL),
(228, '2019-10-17 00:00:00', '2019-10-18 12:31:00', 1147, 2239240, 'ganesan', 1, 'kaliraj', 4, 4, 'SENT TO KALIRAJ SIR', 'Y', NULL),
(229, '2019-10-18 00:00:00', '2019-10-18 12:33:47', 186, 200000, 'ganesan', 1, 'kaliraj', 4, 4, 'SENT TO KALIRAJ SIR', 'Y', NULL),
(231, '2019-10-18 12:37:42', '2019-10-18 12:37:42', 1147, 13250, 'murugan', 1, 'guru', 1, 1, 'pls process', 'Y', NULL),
(231, '2019-10-18 00:00:00', '2019-10-18 12:39:14', 1147, 13250, 'guru', 1, 'ac001', 1, 2, 'pls approve this payment', 'Y', NULL),
(230, '2019-10-18 00:00:00', '2019-10-18 12:47:06', 1147, 3440, 'ganesan', 1, 'kaliraj', 4, 4, 'SEND TO KALIRAJ SIR ', 'Y', NULL),
(231, '2019-10-18 00:00:00', '2019-10-18 12:51:06', 1147, 13250, 'ac001', 1, 'ganesan', 1, 3, 'OK', 'Y', NULL),
(230, '2019-10-18 00:00:00', '2019-10-18 12:55:29', 1147, 3440, 'kaliraj', 4, 'kaliraj', 4, 5, 'PAYMENT UNDER PROCESS WAITING FOR SECOND AUTH', 'Y', NULL),
(229, '2019-10-18 00:00:00', '2019-10-18 12:56:56', 186, 200000, 'kaliraj', 4, 'kaliraj', 4, 5, 'PETROCARD PAYMENT DONE', 'Y', NULL),
(231, '2019-10-18 00:00:00', '2019-10-18 15:04:07', 1147, 13250, 'ganesan', 1, 'kaliraj', 4, 4, 'SENT ', 'Y', NULL),
(219, '2019-10-16 00:00:00', '2019-10-18 15:22:06', 1147, 507027, 'ganesan', 1, 'kaliraj', 4, 4, 'SENT', 'Y', NULL),
(219, '2019-10-16 00:00:00', '2019-10-18 15:28:48', 1147, 507027, 'kaliraj', 4, 'kaliraj', 4, 5, 'AII PAYMENT COMPLETE DONE', 'Y', NULL),
(228, '2019-10-17 00:00:00', '2019-10-18 15:29:57', 1147, 2239240, 'kaliraj', 4, 'kaliraj', 4, 5, 'ALL PAYMENT COMPLETE DONE', 'Y', NULL),
(231, '2019-10-18 00:00:00', '2019-10-18 15:31:00', 1147, 13250, 'kaliraj', 4, 'kaliraj', 4, 5, 'REFUND COMPLETE DONE', 'Y', NULL),
(232, '2019-10-18 16:51:16', '2019-10-18 16:51:16', 1138, 59754, 'ram', 4, 'su001', 1, 1, '', 'N', NULL),
(233, '2019-10-18 16:53:52', '2019-10-18 16:53:52', 1138, 59754, 'ram', 4, 'su001', 1, 1, '', 'Y', NULL),
(233, '2019-10-18 00:00:00', '2019-10-18 17:04:11', 1138, 59754, 'su001', 1, 'ac001', 1, 2, 'OK', 'Y', NULL),
(234, '2019-10-18 17:30:21', '2019-10-18 17:30:21', 1147, 281579, 'murugan', 1, 'guru', 1, 1, 'pls process', 'Y', NULL),
(235, '2019-10-18 17:40:21', '2019-10-18 17:40:21', 1147, 281579, 'murugan', 1, 'guru', 1, 1, 'pls process', 'Y', NULL),
(235, '2019-10-18 00:00:00', '2019-10-18 17:42:12', 1147, 281579, 'guru', 1, 'ac001', 1, 2, 'pls approve this payment', 'Y', NULL),
(233, '2019-10-18 00:00:00', '2019-10-18 17:43:18', 1138, 59754, 'ac001', 1, 'ganesan', 1, 3, 'ok', 'Y', NULL),
(233, '2019-10-18 00:00:00', '2019-10-18 17:51:08', 1138, 59754, 'ganesan', 1, 'kaliraj', 4, 4, 'SENT ', 'Y', NULL),
(233, '2019-10-18 00:00:00', '2019-10-18 17:58:46', 1138, 59754, 'kaliraj', 4, 'kaliraj', 4, 5, 'PAYMENT DONE', 'Y', NULL),
(233, '2019-10-18 00:00:00', '2019-10-18 18:19:58', 1138, 59754, 'ac001', 1, 'ganesan', 1, 3, 'ok', 'Y', NULL),
(233, '2019-10-18 00:00:00', '2019-10-18 18:20:10', 1138, 59754, 'ac001', 1, 'ganesan', 1, 3, 'ok', 'Y', NULL),
(235, '2019-10-18 00:00:00', '2019-10-18 18:21:24', 1147, 281579, 'ac001', 1, 'ganesan', 1, 3, 'ok', 'Y', NULL),
(235, '2019-10-18 00:00:00', '2019-10-18 18:23:36', 1147, 281579, 'ac001', 1, 'ganesan', 1, 3, 'ok', 'Y', NULL),
(235, '2019-10-18 00:00:00', '2019-10-18 18:25:16', 1147, 281579, 'ac001', 1, 'ganesan', 1, 3, 'ok', 'Y', NULL),
(233, '2019-10-18 00:00:00', '2019-10-18 20:33:55', 1138, 59754, 'ganesan', 1, 'kaliraj', 4, 4, 'SENT', 'Y', NULL),
(233, '2019-10-18 00:00:00', '2019-10-19 10:19:29', 1138, 59754, 'kaliraj', 4, 'kaliraj', 4, 5, 'PAYMENT DONE', 'Y', NULL),
(235, '2019-10-18 00:00:00', '2019-10-19 11:30:51', 1147, 281579, 'ganesan', 1, 'kaliraj', 4, 4, 'SENT TO KALIRAJ SIR', 'Y', NULL),
(236, '2019-10-19 12:44:33', '2019-10-19 12:44:33', 1147, 2223, 'ram', 4, 'su001', 1, 1, '', 'Y', NULL),
(236, '2019-10-19 00:00:00', '2019-10-19 12:52:06', 1147, 2223, 'su001', 1, 'ac001', 1, 2, 'OK', 'Y', NULL),
(236, '2019-10-19 00:00:00', '2019-10-19 12:55:31', 1147, 2223, 'ac001', 1, 'ganesan', 1, 3, 'ok', 'Y', NULL),
(235, '2019-10-18 00:00:00', '2019-10-19 13:02:43', 1147, 281579, 'kaliraj', 4, 'kaliraj', 4, 5, 'PAYMENT COMPLETE DONE', 'Y', NULL),
(236, '2019-10-19 00:00:00', '2019-10-19 13:18:47', 1147, 2223, 'ganesan', 1, 'kaliraj', 4, 4, 'SENT TO KALIRAJ SIR', 'Y', NULL),
(237, '2019-10-19 13:48:47', '2019-10-19 13:48:47', 1147, 11507, 'murugan', 1, 'guru', 1, 1, 'pls process', 'Y', NULL),
(237, '2019-10-19 00:00:00', '2019-10-19 13:50:53', 1147, 11507, 'guru', 1, 'ac001', 1, 2, 'pls approve this amount', 'Y', NULL),
(237, '2019-10-19 00:00:00', '2019-10-19 14:00:55', 1147, 11507, 'ac001', 1, 'ganesan', 1, 3, 'ok', 'Y', NULL),
(237, '2019-10-19 00:00:00', '2019-10-19 14:38:11', 1147, 11507, 'ganesan', 1, 'kaliraj', 4, 4, 'SENT', 'Y', NULL),
(236, '2019-10-19 00:00:00', '2019-10-19 14:41:12', 1147, 2223, 'kaliraj', 4, 'kaliraj', 4, 5, 'WAITING FOR SECOND AUTH', 'Y', NULL),
(237, '2019-10-19 00:00:00', '2019-10-19 14:42:35', 1147, 11507, 'kaliraj', 4, 'kaliraj', 4, 5, 'REFUND UNDER PROCESS WAITING FOR SECOND AUTH', 'Y', NULL),
(238, '2019-10-19 16:15:55', '2019-10-19 16:15:55', 1147, 4580, 'ram', 4, 'su001', 1, 1, '', 'Y', NULL),
(238, '2019-10-19 00:00:00', '2019-10-19 16:23:17', 1147, 4580, 'su001', 1, 'ac001', 1, 2, 'OK', 'Y', NULL),
(239, '2019-10-19 16:42:54', '2019-10-19 16:42:54', 1147, 129710, 'ram', 4, 'su001', 1, 1, '', 'Y', NULL),
(239, '2019-10-19 00:00:00', '2019-10-19 16:57:24', 1147, 129710, 'su001', 1, 'ac001', 1, 2, 'OK', 'Y', NULL),
(240, '2019-10-19 17:37:47', '2019-10-19 17:37:47', 1147, 114508, 'murugan', 1, 'guru', 1, 1, 'pls process', 'Y', NULL),
(240, '2019-10-19 00:00:00', '2019-10-19 17:39:24', 1147, 114508, 'guru', 1, 'ac001', 1, 2, 'pls approve this payment', 'Y', NULL),
(238, '2019-10-19 00:00:00', '2019-10-19 17:55:08', 1147, 4580, 'ac001', 1, 'ganesan', 1, 3, 'ok', 'Y', NULL),
(239, '2019-10-19 00:00:00', '2019-10-19 17:58:00', 1147, 129710, 'ac001', 1, 'ganesan', 1, 3, 'ok', 'Y', NULL),
(240, '2019-10-19 00:00:00', '2019-10-19 18:20:00', 1147, 114508, 'ac001', 1, 'guru', 1, 3, 'rejected due to sun radilogical bill not given and not accounted', 'Y', 'R'),
(240, '2019-10-19 00:00:00', '2019-10-19 18:21:06', 1147, 114508, 'ac001', 1, 'guru', 1, 3, 'rejected due to sun radilogical bill not given and not accounted', 'Y', 'R'),
(238, '2019-10-19 00:00:00', '2019-10-19 18:27:27', 1147, 4580, 'ganesan', 1, 'kaliraj', 4, 4, 'SENT', 'Y', NULL),
(240, '2019-10-19 00:00:00', '2019-10-19 18:28:11', 1147, 114508, 'ac001', 1, 'guru', 1, 3, 'rejected due to sun radilogical bill not given and not accounted', 'Y', 'R'),
(240, '2019-10-19 00:00:00', '2019-10-19 18:29:45', 1147, 114508, 'ac001', 1, 'guru', 1, 3, 'rejected due to sun radilogical bill not given and not accounted', 'Y', 'R'),
(240, '2019-10-19 00:00:00', '2019-10-19 18:30:46', 1147, 114508, 'guru', 1, 'murugan', 1, 2, '', 'N', 'R'),
(240, '2019-10-19 00:00:00', '2019-10-19 18:31:23', 1147, 114508, 'ac001', 1, 'guru', 1, 3, 'rejected due to sun radilogical bill not given and not accounted', 'N', 'R'),
(240, '2019-10-19 00:00:00', '2019-10-19 18:31:39', 1147, 114508, 'ac001', 1, 'guru', 1, 3, 'rejected due to sun radilogical bill not given and not accounted', 'N', 'R'),
(241, '2019-10-19 18:38:47', '2019-10-19 18:38:47', 1147, 189894, 'murugan', 1, 'guru', 1, 1, 'pls process', 'Y', NULL),
(241, '2019-10-19 00:00:00', '2019-10-19 18:39:50', 1147, 189894, 'guru', 1, 'ac001', 1, 2, 'pls approve this payment', 'Y', NULL),
(234, '2019-10-18 00:00:00', '2019-10-19 18:40:13', 1147, 281579, 'guru', 1, 'murugan', 1, 2, '', 'N', 'R'),
(218, '2019-10-16 00:00:00', '2019-10-19 18:40:21', 1147, 3065, 'guru', 1, 'sudhakar', 1, 2, '', 'N', 'R'),
(238, '2019-10-19 00:00:00', '2019-10-19 18:49:16', 1147, 4580, 'kaliraj', 4, 'kaliraj', 4, 5, 'WAITING FOR SECOND AUTH', 'Y', NULL),
(241, '2019-10-19 00:00:00', '2019-10-19 18:49:41', 1147, 189894, 'ac001', 1, 'ganesan', 1, 3, 'ok', 'Y', NULL),
(242, '2019-10-20 16:49:44', '2019-10-20 16:49:44', 1147, 0, 'vic001', 6, 'test2', 6, 1, 'TEST FROM IT DEVELOPMENT', 'N', NULL),
(243, '2019-10-20 16:50:48', '2019-10-20 16:50:48', 1147, 0, 'vic001', 6, 'test2', 6, 1, 'TEST FROM IT DEVELOPMENT', 'N', NULL),
(244, '2019-10-20 16:50:54', '2019-10-20 16:50:54', 1147, 0, 'vic001', 6, 'test2', 6, 1, 'TEST FROM IT DEVELOPMENT', 'N', NULL),
(239, '2019-10-19 00:00:00', '2019-10-21 12:08:46', 1147, 129710, 'ganesan', 1, 'kaliraj', 4, 4, 'SENT  TO KALIRAJ  SIR', 'Y', NULL),
(241, '2019-10-19 00:00:00', '2019-10-21 12:30:17', 1147, 189894, 'ganesan', 1, 'kaliraj', 4, 4, 'SENT TO KALIRAJ ', 'Y', NULL),
(245, '2019-10-21 12:52:01', '2019-10-21 12:52:01', 1147, 4100, 'ram', 4, 'su001', 1, 1, '', 'Y', NULL),
(245, '2019-10-21 00:00:00', '2019-10-21 12:56:24', 1147, 4100, 'su001', 1, 'ac001', 1, 2, 'OK', 'Y', NULL),
(239, '2019-10-19 00:00:00', '2019-10-21 14:02:08', 1147, 129710, 'kaliraj', 4, 'kaliraj', 4, 5, 'FUND TRANSFER DONE', 'Y', NULL),
(246, '2019-10-21 14:34:04', '2019-10-21 14:34:04', 1090, 300000, 'murugan', 1, 'guru', 1, 1, 'pls process', 'Y', NULL),
(246, '2019-10-21 00:00:00', '2019-10-21 14:36:23', 1090, 300000, 'guru', 1, 'murugan', 1, 2, 'pls approve this payment', 'N', 'R'),
(247, '2019-10-21 14:39:50', '2019-10-21 14:39:50', 1090, 300000, 'murugan', 1, 'guru', 1, 1, 'pls process', 'Y', NULL),
(247, '2019-10-21 00:00:00', '2019-10-21 14:41:09', 1090, 300000, 'guru', 1, 'ac001', 1, 2, 'pls approve this amount', 'Y', NULL),
(247, '2019-10-21 00:00:00', '2019-10-21 14:43:58', 1090, 300000, 'ac001', 1, 'ganesan', 1, 3, 'ok', 'Y', NULL),
(245, '2019-10-21 00:00:00', '2019-10-21 14:49:24', 1147, 4100, 'ac001', 1, 'ganesan', 1, 3, 'ok', 'Y', NULL),
(247, '2019-10-21 00:00:00', '2019-10-21 14:55:52', 1090, 300000, 'ganesan', 1, 'kaliraj', 4, 4, 'SENT TO KALIRAJ SIR', 'Y', NULL),
(245, '2019-10-21 00:00:00', '2019-10-21 14:56:19', 1147, 4100, 'ganesan', 1, 'kaliraj', 4, 4, 'SENT KALIRAJ SIR', 'Y', NULL),
(245, '2019-10-21 00:00:00', '2019-10-21 15:06:21', 1147, 4100, 'kaliraj', 4, 'kaliraj', 4, 5, 'REFUND UNDER PROCESS WAITING FOR SECOND AUTH', 'Y', NULL),
(247, '2019-10-21 00:00:00', '2019-10-21 15:07:15', 1090, 300000, 'kaliraj', 4, 'kaliraj', 4, 5, 'HAPPY CARD AMOUNT DONE', 'Y', NULL),
(248, '2019-10-21 16:23:32', '2019-10-21 16:23:32', 1147, 203367, 'ram', 4, 'su001', 1, 1, '', 'Y', NULL),
(249, '2019-10-21 17:01:45', '2019-10-21 17:01:45', 1147, 18606, 'ram', 4, 'su001', 1, 1, '', 'Y', NULL),
(250, '2019-10-21 17:05:53', '2019-10-21 17:05:53', 1147, 800, 'ram', 4, 'su001', 1, 1, '', 'Y', NULL),
(250, '2019-10-21 00:00:00', '2019-10-21 17:21:42', 1147, 800, 'su001', 1, 'ac001', 1, 2, 'OK', 'Y', NULL),
(250, '2019-10-21 00:00:00', '2019-10-21 17:24:54', 1147, 800, 'ac001', 1, 'ganesan', 1, 3, 'ok', 'Y', NULL),
(251, '2019-10-21 17:26:17', '2019-10-21 17:26:17', 1147, 4441880, 'murugan', 1, 'guru', 1, 1, 'pls process', 'Y', NULL),
(251, '2019-10-21 00:00:00', '2019-10-21 17:28:00', 1147, 4441880, 'guru', 1, 'ac001', 1, 2, 'pls approve this payment', 'Y', NULL),
(249, '2019-10-21 00:00:00', '2019-10-21 17:34:53', 1147, 18606, 'su001', 1, 'ac001', 1, 2, 'OK', 'Y', NULL),
(248, '2019-10-21 00:00:00', '2019-10-21 17:35:25', 1147, 203367, 'su001', 1, 'ac001', 1, 2, 'OK', 'Y', NULL),
(252, '2019-10-21 17:44:21', '2019-10-21 17:44:21', 1147, 172469, 'ram', 4, 'su001', 1, 1, '', 'Y', NULL),
(250, '2019-10-21 00:00:00', '2019-10-21 17:46:27', 1147, 800, 'ganesan', 1, 'kaliraj', 4, 4, 'SENT TO KALIRAJ SIR', 'Y', NULL),
(252, '2019-10-21 00:00:00', '2019-10-21 17:54:03', 1147, 172469, 'su001', 1, 'ac001', 1, 2, 'OK', 'Y', NULL),
(250, '2019-10-21 00:00:00', '2019-10-21 18:03:50', 1147, 800, 'kaliraj', 4, 'kaliraj', 4, 5, 'WAITIN FOR SECOND AUTH', 'Y', NULL),
(249, '2019-10-21 00:00:00', '2019-10-21 18:08:03', 1147, 18606, 'ac001', 1, 'ganesan', 1, 3, 'ok', 'N', NULL),
(248, '2019-10-21 00:00:00', '2019-10-21 18:11:40', 1147, 203367, 'ac001', 1, 'ganesan', 1, 3, 'ok', 'Y', NULL),
(251, '2019-10-21 00:00:00', '2019-10-21 18:39:45', 1147, 4441880, 'ac001', 1, 'ganesan', 1, 3, 'ok', 'Y', NULL),
(252, '2019-10-21 00:00:00', '2019-10-21 18:43:12', 1147, 172469, 'ac001', 1, 'ganesan', 1, 3, 'OK', 'Y', NULL),
(248, '2019-10-21 00:00:00', '2019-10-21 18:59:50', 1147, 203367, 'ganesan', 1, 'kaliraj', 4, 4, 'SENT TO KALIRAJ SIR', 'Y', NULL),
(248, '2019-10-21 00:00:00', '2019-10-21 19:11:41', 1147, 203367, 'kaliraj', 4, 'kaliraj', 4, 5, 'WAITING FOR SECOND AUTH', 'Y', NULL),
(253, '2019-10-22 10:17:42', '2019-10-22 10:17:42', 1147, 349990, 'ram', 4, 'su001', 1, 1, '', 'Y', NULL),
(241, '2019-10-19 00:00:00', '2019-10-22 10:38:28', 1147, 189894, 'kaliraj', 4, 'kaliraj', 4, 5, 'ALL PAYMENT COMPLETE DONE', 'Y', NULL),
(254, '2019-10-22 12:06:57', '2019-10-22 12:06:57', 1147, 1700, 'ram', 4, 'su001', 1, 1, '', 'Y', NULL),
(254, '2019-10-22 00:00:00', '2019-10-22 12:20:47', 1147, 1700, 'su001', 1, 'ac001', 1, 2, 'OK', 'Y', NULL),
(254, '2019-10-22 00:00:00', '2019-10-22 12:23:20', 1147, 1700, 'ac001', 1, 'ganesan', 1, 3, 'ok', 'Y', NULL),
(254, '2019-10-22 00:00:00', '2019-10-22 12:32:04', 1147, 1700, 'ganesan', 1, 'kaliraj', 4, 4, 'SEND TO KALIRAJ SIR', 'Y', NULL),
(251, '2019-10-21 00:00:00', '2019-10-22 13:03:41', 1147, 4441880, 'ganesan', 1, 'kaliraj', 4, 4, 'SENT TO KALIRAJ SIR', 'Y', NULL),
(255, '2019-10-22 13:41:19', '2019-10-22 13:41:19', 1147, 38040, 'murugan', 1, 'guru', 1, 1, 'pls process', 'Y', NULL),
(255, '2019-10-22 00:00:00', '2019-10-22 13:42:11', 1147, 38040, 'guru', 1, 'ac001', 1, 2, 'pls approve this amount', 'Y', NULL),
(255, '2019-10-22 00:00:00', '2019-10-22 14:14:25', 1147, 38040, 'ac001', 1, 'ganesan', 1, 3, 'OK', 'Y', NULL),
(254, '2019-10-22 00:00:00', '2019-10-22 14:21:01', 1147, 1700, 'kaliraj', 4, 'kaliraj', 4, 5, 'REFUND PAYMENT DONE', 'Y', NULL),
(255, '2019-10-22 00:00:00', '2019-10-22 15:05:49', 1147, 38040, 'ganesan', 1, 'kaliraj', 4, 4, 'SENT TO KALIRAJ SIR', 'Y', NULL),
(252, '2019-10-21 00:00:00', '2019-10-22 15:06:08', 1147, 172469, 'ganesan', 1, 'kaliraj', 4, 4, 'SENT TO KALIRAJ SIR ', 'Y', NULL),
(251, '2019-10-21 00:00:00', '2019-10-22 15:17:28', 1147, 4441880, 'kaliraj', 4, 'kaliraj', 4, 5, 'ALL PAYMENT DONE', 'Y', NULL),
(252, '2019-10-21 00:00:00', '2019-10-22 15:18:37', 1147, 172469, 'kaliraj', 4, 'kaliraj', 4, 5, 'ALL PAYMENT DONE', 'Y', NULL),
(255, '2019-10-22 00:00:00', '2019-10-22 15:19:45', 1147, 38040, 'kaliraj', 4, 'kaliraj', 4, 5, 'REFUND PAYMENT WAITING FOR SECOND AUTH', 'Y', NULL),
(255, '2019-10-22 00:00:00', '2019-10-22 15:55:20', 1147, 38040, 'ac001', 1, 'ganesan', 1, 3, 'OK', 'Y', NULL),
(253, '2019-10-22 00:00:00', '2019-10-22 16:01:12', 1147, 349990, 'su001', 1, 'ac001', 1, 2, 'OK', 'Y', NULL),
(253, '2019-10-22 00:00:00', '2019-10-22 16:19:48', 1147, 349990, 'ac001', 1, 'ganesan', 1, 3, 'ok', 'Y', NULL),
(256, '2019-10-22 16:46:28', '2019-10-22 16:46:28', 1147, 31726, 'murugan', 1, 'guru', 1, 1, 'pls process this payment', 'Y', NULL),
(256, '2019-10-22 00:00:00', '2019-10-22 16:48:36', 1147, 31726, 'guru', 1, 'ac001', 1, 2, 'pla approve this payment', 'Y', NULL),
(257, '2019-10-22 16:57:32', '2019-10-22 16:57:32', 1147, 31726, 'murugan', 1, 'guru', 1, 1, 'previous payment mail number wrong n-50 pls reject ', 'Y', NULL),
(256, '2019-10-22 00:00:00', '2019-10-22 16:59:46', 1147, 31726, 'ac001', 1, 'guru', 1, 3, 'rejected due to bills not given to us for approval & entries in tally', 'N', 'R'),
(257, '2019-10-22 00:00:00', '2019-10-22 17:03:09', 1147, 31726, 'guru', 1, 'ac001', 1, 2, 'pls approve this amount', 'Y', NULL),
(256, '2019-10-22 00:00:00', '2019-10-22 17:11:36', 1147, 31726, 'ac001', 1, 'guru', 1, 3, 'rejected due to bills not given to us for approval & entries in tally', 'N', 'R'),
(257, '2019-10-22 00:00:00', '2019-10-22 17:12:40', 1147, 31726, 'ac001', 1, 'ganesan', 1, 3, 'ok', 'N', NULL),
(257, '2019-10-22 00:00:00', '2019-10-22 17:29:30', 1147, 31726, 'ac001', 1, 'ganesan', 1, 3, 'ok', 'N', NULL),
(255, '2019-10-22 00:00:00', '2019-10-22 17:51:26', 1147, 38040, 'ganesan', 1, 'kaliraj', 4, 4, 'kaliraj sir sent', 'Y', NULL),
(253, '2019-10-22 00:00:00', '2019-10-22 18:12:15', 1147, 349990, 'ganesan', 1, 'kaliraj', 4, 4, 'SENT TO KALIRAJ SIR ', 'Y', NULL),
(255, '2019-10-22 00:00:00', '2019-10-22 18:13:26', 1147, 38040, 'kaliraj', 4, 'kaliraj', 4, 5, 'REFUND PAYMENT DONE', 'Y', NULL),
(257, '2019-10-22 00:00:00', '2019-10-22 18:19:40', 1147, 31726, 'ac001', 1, 'ganesan', 1, 3, 'ok', 'N', NULL),
(257, '2019-10-22 00:00:00', '2019-10-22 18:46:40', 1147, 31726, 'ac001', 1, 'ganesan', 1, 3, 'ok', 'N', NULL),
(253, '2019-10-22 00:00:00', '2019-10-22 18:46:42', 1147, 349990, 'kaliraj', 4, 'kaliraj', 4, 5, 'ALL PAYMENT WAITING FOR SECOND AUTH', 'Y', NULL),
(257, '2019-10-22 00:00:00', '2019-10-22 18:48:06', 1147, 31726, 'ac001', 1, 'ganesan', 1, 3, 'ok', 'N', NULL),
(258, '2019-10-22 18:55:22', '2019-10-22 18:55:22', 1147, 297454, 'murugan', 1, 'guru', 1, 1, 'pls process', 'Y', NULL),
(258, '2019-10-22 00:00:00', '2019-10-22 18:56:57', 1147, 297454, 'guru', 1, 'ac001', 1, 2, 'pls approve this amount', 'Y', NULL),
(258, '2019-10-22 00:00:00', '2019-10-23 09:52:41', 1147, 297454, 'ac001', 1, 'ganesan', 1, 3, 'ok', 'N', NULL),
(259, '2019-10-23 09:52:46', '2019-10-23 09:52:46', 1147, 15000, 'ram', 4, 'su001', 1, 1, '', 'Y', NULL),
(258, '2019-10-22 00:00:00', '2019-10-23 09:58:14', 1147, 297454, 'ac001', 1, 'ganesan', 1, 3, 'ok', 'N', NULL),
(259, '2019-10-23 00:00:00', '2019-10-23 10:06:33', 1147, 15000, 'su001', 1, 'ac001', 1, 2, 'ok', 'Y', NULL),
(258, '2019-10-22 00:00:00', '2019-10-23 10:08:46', 1147, 297454, 'ac001', 1, 'ganesan', 1, 3, 'ok', 'N', NULL),
(259, '2019-10-23 00:00:00', '2019-10-23 10:09:37', 1147, 15000, 'ac001', 1, 'ganesan', 1, 3, 'ok', 'N', NULL),
(259, '2019-10-23 00:00:00', '2019-10-23 10:27:42', 1147, 15000, 'ac001', 1, 'ganesan', 1, 3, 'ok', 'N', NULL),
(259, '2019-10-23 00:00:00', '2019-10-23 10:35:41', 1147, 15000, 'ac001', 1, 'ganesan', 1, 3, 'ok', 'N', NULL);

-- --------------------------------------------------------

--
-- Table structure for table `invoice_master`
--

CREATE TABLE `invoice_master` (
  `invoicecode` int(11) NOT NULL,
  `invoicename` varchar(30) DEFAULT NULL,
  `usercode` varchar(30) DEFAULT NULL,
  `usertype` varchar(30) DEFAULT NULL
) ENGINE=InnoDB DEFAULT CHARSET=latin1;

--
-- Dumping data for table `invoice_master`
--

INSERT INTO `invoice_master` (`invoicecode`, `invoicename`, `usercode`, `usertype`) VALUES
(1, 'SUPPLIER', '', ''),
(2, 'SERVICE', '', ''),
(3, ' RENT', '', ''),
(4, 'REPORTING CHARGES', '', ''),
(5, 'LAB TESTING CHARGES', '', ''),
(6, 'SERVICE CHARGES', '', ''),
(8, 'POSTAL EXP', '', ''),
(9, 'EDUCATIONAL A/C', '', ''),
(10, 'OTHERS', '', ''),
(11, 'FRANCHISE', '', ''),
(12, 'ADVERTISING', '', ''),
(14, 'MARKETING', '', ''),
(15, 'CONTRACTOR', '', ''),
(16, 'STAFF SALARY', '', ''),
(17, 'FUEL EXPENSES', '', ''),
(18, 'CONTRACTORS ', '', ''),
(19, 'REFUND', '', ''),
(20, 'TELEPHONE', '', ''),
(21, 'STAFF', '', ''),
(22, 'ADVERTISE', '', ''),
(23, 'CONSULTING', '', ''),
(24, 'REPORTING', '', ''),
(27, 'EB CHARGES', '', ''),
(28, 'noinvoice', NULL, NULL);

-- --------------------------------------------------------

--
-- Table structure for table `purchase_number`
--

CREATE TABLE `purchase_number` (
  `Purchase_No` int(11) NOT NULL
) ENGINE=InnoDB DEFAULT CHARSET=latin1;

--
-- Dumping data for table `purchase_number`
--

INSERT INTO `purchase_number` (`Purchase_No`) VALUES
(260);

-- --------------------------------------------------------

--
-- Table structure for table `tax_master`
--

CREATE TABLE `tax_master` (
  `taxcode` int(11) NOT NULL,
  `taxname` varchar(30) DEFAULT NULL,
  `taxpercent` float(11,2) DEFAULT NULL
) ENGINE=InnoDB DEFAULT CHARSET=latin1;

--
-- Dumping data for table `tax_master`
--

INSERT INTO `tax_master` (`taxcode`, `taxname`, `taxpercent`) VALUES
(1, 'SGST 5%', 5.00),
(2, 'SGST 10', 10.00),
(3, 'SGS 18%', 18.50);

-- --------------------------------------------------------

--
-- Table structure for table `transaction`
--

CREATE TABLE `transaction` (
  `Purchase_No` int(11) NOT NULL,
  `User_code` varchar(10) DEFAULT NULL,
  `Branch_code` int(11) DEFAULT NULL,
  `Vendor_code` int(11) DEFAULT NULL,
  `Invoice_code` int(11) DEFAULT NULL,
  `Invoice_No` varchar(20) DEFAULT NULL,
  `Date` datetime DEFAULT NULL,
  `Purchase_Date` date DEFAULT NULL,
  `Purchase_Details` varchar(100) DEFAULT NULL,
  `Item_details` varchar(200) DEFAULT NULL,
  `Total_Value` float(11,2) DEFAULT NULL,
  `Txn_code1` varchar(30) DEFAULT NULL,
  `Txn_value1` float(11,2) DEFAULT NULL,
  `Txn_code2` varchar(30) DEFAULT NULL,
  `Txn_value2` float(11,2) DEFAULT NULL,
  `Txn_code3` varchar(30) DEFAULT NULL,
  `Txn_value3` float(11,2) DEFAULT NULL,
  `Total_Invalue` float(11,2) DEFAULT NULL,
  `To_Usercode` varchar(30) DEFAULT NULL,
  `Attachment_docs` varchar(250) DEFAULT NULL,
  `User_comments` varchar(100) DEFAULT NULL,
  `Auth_flag` varchar(10) DEFAULT NULL,
  `Payment_Type` varchar(1) DEFAULT NULL,
  `initiate_User_Code` varchar(10) DEFAULT NULL,
  `Quick_Flag` varchar(1) DEFAULT NULL,
  `Tds_Percentage` int(11) DEFAULT 0,
  `Tds_Amount` int(11) DEFAULT NULL,
  `Total_Before_Value` float(11,2) DEFAULT NULL,
  `Utr_No` varchar(250) DEFAULT NULL
) ENGINE=InnoDB DEFAULT CHARSET=latin1;

--
-- Dumping data for table `transaction`
--

INSERT INTO `transaction` (`Purchase_No`, `User_code`, `Branch_code`, `Vendor_code`, `Invoice_code`, `Invoice_No`, `Date`, `Purchase_Date`, `Purchase_Details`, `Item_details`, `Total_Value`, `Txn_code1`, `Txn_value1`, `Txn_code2`, `Txn_value2`, `Txn_code3`, `Txn_value3`, `Total_Invalue`, `To_Usercode`, `Attachment_docs`, `User_comments`, `Auth_flag`, `Payment_Type`, `initiate_User_Code`, `Quick_Flag`, `Tds_Percentage`, `Tds_Amount`, `Total_Before_Value`, `Utr_No`) VALUES
(102, 'guru', 6, 290, 2, '1900800', '2019-10-04 18:47:12', '2019-10-04', 'kilpauk scale stamping', 'sir send bill detail arrange payment', 2065.00, NULL, 0.00, NULL, 0.00, NULL, 0.00, 2065.00, 'murugan', '', NULL, NULL, 'O', 'murugan', NULL, 0, 0, 2065.00, NULL),
(103, 'guru', 6, 1151, 20, '', '2019-10-09 15:10:19', '2019-10-09', '', '', 24638.00, NULL, 0.00, NULL, 0.00, NULL, 0.00, 24638.00, 'murugan', 'http://192.168.0.55:5000/_uploads/photos/191009092249_0001-JIO-09-219.pdf', NULL, NULL, 'R', 'murugan', NULL, 0, 0, 24638.00, NULL),
(104, 'guru', 6, 1151, 20, '', '2019-10-09 15:10:31', '2019-10-09', '', '', 24638.00, NULL, 0.00, NULL, 0.00, NULL, 0.00, 24638.00, 'murugan', 'http://192.168.0.55:5000/_uploads/photos/191009092249_0001-JIO-09-219_1.pdf', NULL, NULL, 'R', 'murugan', NULL, 0, 0, 24638.00, NULL),
(105, 'guru', 7, 1147, 28, '', '2019-10-09 15:16:54', NULL, 'This is exclusive for testing purpose by IT Development. Please ignore', 'This is exclusive for testing purpose by IT Development. Please ignore', 0.00, NULL, 0.00, NULL, 0.00, NULL, 0.00, 0.00, 'murugan', '', NULL, NULL, 'O', 'murugan', NULL, 0, 0, 0.00, NULL),
(106, 'guru', 6, 1016, 8, '2357680', '2019-10-09 15:26:22', '2019-10-09', 'pls approve this payment', 'billno 2357680/1.10.19  amount 4785', 4785.00, NULL, 0.00, NULL, 0.00, NULL, 0.00, 4785.00, 'murugan', 'http://192.168.0.55:5000/_uploads/photos/191009095106_0001_-the_professional_9.10.19.pdf', NULL, NULL, 'R', 'murugan', NULL, 0, 0, 4785.00, NULL),
(107, 'guru', 6, 15, 1, '1920121460', '2019-10-09 16:07:34', '2019-10-09', '1920121460/13.8.19', 'pls approve this payment', 535000.00, NULL, 0.00, NULL, 0.00, NULL, 0.00, 535000.00, 'murugan', 'http://192.168.0.55:5000/_uploads/photos/AGFA.pdf', NULL, NULL, 'R', 'murugan', NULL, 0, 0, 535000.00, NULL),
(108, 'guru', 6, 15, 1, '1920121460/1667', '2019-10-09 16:15:13', '2019-10-09', 'billno-1920121460/13.8.2019&1920121667/30.8.19', 'pls approve this same amount', 535000.00, NULL, 0.00, NULL, 0.00, NULL, 0.00, 535000.00, 'murugan', 'http://192.168.0.55:5000/_uploads/photos/AGFA_1.pdf', NULL, NULL, 'R', 'murugan', NULL, 0, 0, 535000.00, NULL),
(109, 'guru', 6, 283, 18, '305 to311', '2019-10-09 16:25:46', '2019-10-09', 'billno:305 to 311  total 7 invoice amount  rs-208632/-', 'pls approve this amount', 208632.00, NULL, 0.00, NULL, 0.00, NULL, 0.00, 208632.00, 'murugan', 'http://192.168.0.55:5000/_uploads/photos/GILGAL_FACILITY-_7_BILLS.pdf', NULL, NULL, 'R', 'murugan', NULL, 0, 0, 208632.00, NULL),
(110, 'guru', 6, 65, 1, '328', '2019-10-09 16:37:11', '2019-10-09', 'billno-328 /1.10.19  partment ', 'pls approve this payment', 256963.00, NULL, 0.00, NULL, 0.00, NULL, 0.00, 256963.00, 'murugan', 'http://192.168.0.55:5000/_uploads/photos/ANJANPATH.pdf', NULL, NULL, 'R', 'murugan', NULL, 0, 0, 256963.00, NULL),
(111, 'guru', 6, 596, 4, '', '2019-10-09 16:45:51', '2019-10-09', 'reporting charges', 'pls approve this amount', 40095.00, NULL, 0.00, NULL, 0.00, NULL, 0.00, 40095.00, 'murugan', 'http://192.168.0.55:5000/_uploads/photos/NARAYANA_HEALTHCARE_1.pdf', NULL, NULL, 'R', 'murugan', NULL, 0, 0, 40095.00, NULL),
(112, 'guru', 6, 939, 15, '18', '2019-10-09 17:02:35', '2019-10-09', '18/31.9.19', 'pls approve this payment', 19602.00, NULL, 0.00, NULL, 0.00, NULL, 0.00, 19602.00, 'murugan', 'http://192.168.0.55:5000/_uploads/photos/SAI_BALAJI.pdf', NULL, NULL, 'R', 'murugan', NULL, 0, 0, 19602.00, NULL),
(113, 'guru', 6, 539, 1, '4291', '2019-10-09 17:05:08', '2019-10-09', '4291/26.9.19', 'pls arrange this amount', 98437.00, NULL, 0.00, NULL, 0.00, NULL, 0.00, 98437.00, 'murugan', 'http://192.168.0.55:5000/_uploads/photos/METRO_IMAGING.pdf', NULL, NULL, 'R', 'murugan', NULL, 0, 0, 98437.00, NULL),
(114, 'guru', 6, 725, 4, '20190924', '2019-10-09 17:08:37', '2019-10-09', '20190924/30.9.19', 'pls arrange this amount', 29646.00, NULL, 0.00, NULL, 0.00, NULL, 0.00, 29646.00, 'murugan', 'http://192.168.0.55:5000/_uploads/photos/QUEST_TELE_RADIOLOGY.pdf', NULL, NULL, 'R', 'murugan', NULL, 0, 0, 29646.00, NULL),
(115, 'guru', 6, 736, 6, '806', '2019-10-09 17:11:16', '2019-10-09', 'billno-806/30.9.19', 'pls arrange this amount', 65308.00, NULL, 0.00, NULL, 0.00, NULL, 0.00, 65308.00, 'murugan', 'http://192.168.0.55:5000/_uploads/photos/RADIANT_CASH_MANAGEMENT.pdf', NULL, NULL, 'R', 'murugan', NULL, 0, 0, 65308.00, NULL),
(116, 'guru', 6, 1132, 4, '25', '2019-10-09 17:13:53', '2019-10-09', '25/30.9.19', 'pls approve this payment', 29340.00, NULL, 0.00, NULL, 0.00, NULL, 0.00, 29340.00, 'murugan', 'http://192.168.0.55:5000/_uploads/photos/5C_NET_WORK.pdf', NULL, NULL, 'R', 'murugan', NULL, 0, 0, 29340.00, NULL),
(117, 'guru', 6, 851, 15, '66/68', '2019-10-09 17:17:32', '2019-10-09', 'billno 66/68', 'pls arrange this amount ', 229966.00, NULL, 0.00, NULL, 0.00, NULL, 0.00, 229966.00, 'murugan', 'http://192.168.0.55:5000/_uploads/photos/SUN_MAINTENANCE_2_BILLS.pdf', NULL, NULL, 'R', 'murugan', NULL, 0, 0, 229966.00, NULL),
(118, 'guru', 6, 939, 18, '18', '2019-10-09 17:34:52', '2019-10-09', '18/31.9.19', 'pls arrange this amount', 19602.00, NULL, 0.00, NULL, 0.00, NULL, 0.00, 19602.00, 'murugan', 'http://192.168.0.55:5000/_uploads/photos/SAI_BALAJI_1.pdf', NULL, NULL, 'R', 'murugan', NULL, 0, 0, 19602.00, NULL),
(119, 'guru', 6, 939, 15, '18', '2019-10-09 17:55:23', '2019-09-10', 'bill no. 18  dt. 31/09/2019 rs.49800 less tds 198 nett rs. 19602', '', 19602.00, NULL, 0.00, NULL, 0.00, NULL, 0.00, 19602.00, 'murugan', 'http://192.168.0.55:5000/_uploads/photos/SAI_BALAJI_2.pdf', NULL, NULL, 'R', 'murugan', NULL, 0, 0, 19602.00, NULL),
(120, 'guru', 7, 1147, 28, '', '2019-10-09 18:00:40', NULL, '', 'This exclusive for testing', 0.00, NULL, 0.00, NULL, 0.00, NULL, 0.00, 0.00, 'ra001', 'http://192.168.0.55:5000/_uploads/photos/Imageinvoice1_23.jpg', NULL, NULL, 'O', 'ra001', NULL, 0, 0, 0.00, NULL),
(121, 'guru', 6, 1147, 20, '', '2019-10-09 18:01:33', '2019-10-09', 'airtel phone bill rs 6043', 'pls approve this payment', 0.00, NULL, 0.00, NULL, 0.00, NULL, 0.00, 0.00, 'murugan', 'http://192.168.0.55:5000/_uploads/photos/AIRTEL_-_70379_07277.pdf', NULL, NULL, 'R', 'murugan', NULL, 0, 0, 0.00, NULL),
(122, 'guru', 7, 1147, 28, '', '2019-10-09 18:02:03', NULL, '', '', 0.00, NULL, 0.00, NULL, 0.00, NULL, 0.00, 0.00, 'sudhakar', 'http://192.168.0.55:5000/_uploads/photos/C.D_REFUND__MARKT_EXP.SEP19-09.10.19_-_Copy.xlsx', NULL, NULL, 'O', 'sudhakar', NULL, 0, 0, 0.00, NULL),
(123, 'vishnu', 2, 13, 8, '2343', '2019-10-10 10:34:36', '2019-10-10', 'This is simply for test from it development', '', 1000.00, NULL, 0.00, NULL, 0.00, NULL, 0.00, 1000.00, 'su001', '', NULL, NULL, 'O', 'vishnu', NULL, 0, 0, 1000.00, NULL),
(124, 'guru', 6, 40, 1, '1172/1175', '2019-10-10 13:04:32', '2019-10-10', 'billno-1172/7.9.19&1175/12.9.19', 'PRINTING&STATIONARY ITEMS', 54565.00, NULL, 0.00, NULL, 0.00, NULL, 0.00, 54565.00, 'murugan', 'http://192.168.0.55:5000/_uploads/photos/A_ONE_ENTERPRISES_Rs.15248Rs.39317_2_BILLS.pdf', NULL, NULL, 'R', 'murugan', NULL, 0, 0, 54565.00, NULL),
(125, 'guru', 6, 16, 1, '2272/2273', '2019-10-10 13:09:00', '2019-10-10', 'BILLNO-2272/9.9.19-1575&2273/9.9.19-885', 'Ac spares ', 2460.00, NULL, 0.00, NULL, 0.00, NULL, 0.00, 2460.00, 'murugan', 'http://192.168.0.55:5000/_uploads/photos/AIR_COLL_CENTRE__2_BILLS_Rs.1575Rs.885.pdf', NULL, NULL, 'R', 'murugan', NULL, 0, 0, 2460.00, NULL),
(126, 'guru', 6, 38, 1, '1031', '2019-10-10 13:13:09', '2019-10-10', 'billno-1031/14.9.19', 'Eiectricals items', 7764.00, NULL, 0.00, NULL, 0.00, NULL, 0.00, 7764.00, 'murugan', 'http://192.168.0.55:5000/_uploads/photos/ARIHANT-Rs.7764.pdf', NULL, NULL, 'R', 'murugan', NULL, 0, 0, 7764.00, NULL),
(127, 'guru', 6, 5, 1, '1008196/8176/8430/84', '2019-10-10 13:40:28', '2019-10-10', 'billno-1008196-5544.00&1008176-21257.00&1008430-14764.00&1008480-7795.00=49360', 'medicine items', 49360.00, NULL, 0.00, NULL, 0.00, NULL, 0.00, 49360.00, 'murugan', 'http://192.168.0.55:5000/_uploads/photos/ARUN_PHARMA554421258147647795_4_BILLS.pdf', NULL, NULL, 'R', 'murugan', NULL, 0, 0, 49360.00, NULL),
(128, 'guru', 6, 94, 1, '3781', '2019-10-10 13:44:23', '2019-10-10', 'billnp-3781/7.9.19  amount 8736.00', 'lab materials', 8736.00, NULL, 0.00, NULL, 0.00, NULL, 0.00, 8736.00, 'murugan', 'http://192.168.0.55:5000/_uploads/photos/BEST_SURGICALS-_8736.pdf', NULL, NULL, 'R', 'murugan', NULL, 0, 0, 8736.00, NULL),
(129, 'guru', 6, 171, 1, '52', '2019-10-10 13:47:53', '2019-10-10', 'billno-52/10.9.19 amount 3333.00', 'lab materials', 3333.00, NULL, 0.00, NULL, 0.00, NULL, 0.00, 3333.00, 'murugan', 'http://192.168.0.55:5000/_uploads/photos/CARDIO_CONNEXTION-3333.pdf', NULL, NULL, 'R', 'murugan', NULL, 0, 0, 3333.00, NULL),
(130, 'guru', 6, 165, 1, '1352/1372', '2019-10-10 14:29:57', '2019-10-10', 'billno-1372/9.9.19 amount 952&billno-1352/6.9.19 amount 10472', 'lab materials', 11424.00, NULL, 0.00, NULL, 0.00, NULL, 0.00, 11424.00, 'murugan', 'http://192.168.0.55:5000/_uploads/photos/CARDIO_CONSUMABLES_-95210472_2_BILLS.pdf', NULL, NULL, 'R', 'murugan', NULL, 0, 0, 11424.00, NULL),
(131, 'guru', 6, 175, 1, '298', '2019-10-10 14:34:25', '2019-10-10', 'billno-298/10.9.19', 'lab materials', 19712.00, NULL, 0.00, NULL, 0.00, NULL, 0.00, 19712.00, 'murugan', 'http://192.168.0.55:5000/_uploads/photos/CARDIO_DRUGS__SURGICALS_-_19712.pdf', NULL, NULL, 'R', 'murugan', NULL, 0, 0, 19712.00, NULL),
(132, 'guru', 6, 221, 1, '6 inv', '2019-10-10 14:40:52', '2019-10-10', 'billno-281/295/291/292/293/294/', 'computer spares', 45426.00, NULL, 0.00, NULL, 0.00, NULL, 0.00, 45426.00, 'murugan', 'http://192.168.0.55:5000/_uploads/photos/DHANALAKSHMI_SYSTEMS_401296004165844996009600_6_BILLS.pdf', NULL, NULL, 'R', 'murugan', NULL, 0, 0, 45426.00, NULL),
(133, 'guru', 6, 323, 1, '2160', '2019-10-10 14:43:53', '2019-10-10', 'billno-2160  rs 30240/', 'contrast items', 30240.00, NULL, 0.00, NULL, 0.00, NULL, 0.00, 30240.00, 'murugan', 'http://192.168.0.55:5000/_uploads/photos/HANUMAN_AGENCIES_-_30240.pdf', NULL, NULL, 'R', 'murugan', NULL, 0, 0, 30240.00, NULL),
(134, 'guru', 6, 359, 1, '717', '2019-10-10 14:47:14', '2019-10-10', 'billnoi-717/9.9.19 ', 'compatible toner', 27848.00, NULL, 0.00, NULL, 0.00, NULL, 0.00, 27848.00, 'murugan', 'http://192.168.0.55:5000/_uploads/photos/IMPRO_Technologies__Sourcing_-_27848.pdf', NULL, NULL, 'R', 'murugan', NULL, 0, 0, 27848.00, NULL),
(135, 'guru', 6, 403, 1, '457', '2019-10-10 14:50:07', '2019-10-10', 'billno-457/10.9.19', 'house keeping items', 20807.00, NULL, 0.00, NULL, 0.00, NULL, 0.00, 20807.00, 'murugan', 'http://192.168.0.55:5000/_uploads/photos/J.J.ENTERPRISES_-_20807.pdf', NULL, NULL, 'R', 'murugan', NULL, 0, 0, 20807.00, NULL),
(136, 'guru', 6, 443, 1, '331', '2019-10-10 14:52:58', '2019-10-10', 'billno-331/12.9.19', 'c fold&m fold  towel print', 13924.00, NULL, 0.00, NULL, 0.00, NULL, 0.00, 13924.00, 'murugan', 'http://192.168.0.55:5000/_uploads/photos/KOSHER_TISSUE_PRODUCTS_-_13924.pdf', NULL, NULL, 'R', 'murugan', NULL, 0, 0, 13924.00, NULL),
(137, 'guru', 6, 510, 1, '15758', '2019-10-10 14:55:55', '2019-10-10', '15758/7.9.2019', 'mri cpntrast', 59999.00, NULL, 0.00, NULL, 0.00, NULL, 0.00, 59999.00, 'murugan', 'http://192.168.0.55:5000/_uploads/photos/MADHURI_TRADERS-_59999-.pdf', NULL, NULL, 'R', 'murugan', NULL, 0, 0, 59999.00, NULL),
(138, 'guru', 6, 624, 1, '273', '2019-10-10 14:58:54', '2019-10-10', 'billno-273/9.9.2019', 'printing items', 7350.00, NULL, 0.00, NULL, 0.00, NULL, 0.00, 7350.00, 'murugan', 'http://192.168.0.55:5000/_uploads/photos/NEW_SASTHA_PRINTO_GRAPHICS_-_7280.pdf', NULL, NULL, 'R', 'murugan', NULL, 0, 0, 7350.00, NULL),
(139, 'guru', 6, 745, 1, '236', '2019-10-10 15:01:39', '2019-10-10', 'biino-236/6.9.19', 'ultra sound jelly', 3605.00, NULL, 0.00, NULL, 0.00, NULL, 0.00, 3605.00, 'murugan', 'http://192.168.0.55:5000/_uploads/photos/R.K.S.INDUSTRIES_340518760_2_BILLS.pdf', NULL, NULL, 'R', 'murugan', NULL, 0, 0, 3605.00, NULL),
(140, 'guru', 6, 749, 1, '4149/3699', '2019-10-10 15:04:56', '2019-10-10', '4149/9.9.19& 3699/9.9.19', 'electricals items', 4244.00, NULL, 0.00, NULL, 0.00, NULL, 0.00, 4244.00, 'murugan', 'http://192.168.0.55:5000/_uploads/photos/RAJU_ELECTRICAL_17752469_2_BILLS.pdf', NULL, NULL, 'R', 'murugan', NULL, 0, 0, 4244.00, NULL),
(141, 'guru', 6, 758, 1, '353', '2019-10-10 15:07:20', '2019-10-10', 'billno-353/11.9.19', 'lab goat blue', 12285.00, NULL, 0.00, NULL, 0.00, NULL, 0.00, 12285.00, 'murugan', 'http://192.168.0.55:5000/_uploads/photos/RIPPLES_-_12285.pdf', NULL, NULL, 'R', 'murugan', NULL, 0, 0, 12285.00, NULL),
(142, 'guru', 6, 747, 1, '813/804', '2019-10-10 15:10:51', '2019-10-10', 'billno-813/804', 'lab materials', 28022.00, NULL, 0.00, NULL, 0.00, NULL, 0.00, 28022.00, 'murugan', 'http://192.168.0.55:5000/_uploads/photos/RM_DIAGNOSTICS_208437179_2_bills.pdf', NULL, NULL, 'R', 'murugan', NULL, 0, 0, 28022.00, NULL),
(143, 'guru', 6, 879, 1, '554', '2019-10-10 15:13:06', '2019-10-10', 'billno-554/7.9.19', 'lab materials', 17472.00, NULL, 0.00, NULL, 0.00, NULL, 0.00, 17472.00, 'murugan', 'http://192.168.0.55:5000/_uploads/photos/S.R.PHARMA_AGENCIES_-_17472.pdf', NULL, NULL, 'R', 'murugan', NULL, 0, 0, 17472.00, NULL),
(144, 'guru', 6, 845, 1, '679/678', '2019-10-10 15:16:18', '2019-10-10', 'billno-679/678', 'ro water spares', 5711.00, NULL, 0.00, NULL, 0.00, NULL, 0.00, 5711.00, 'murugan', 'http://192.168.0.55:5000/_uploads/photos/SARO_SYSTEMS_17114000_2_BILLS.pdf', NULL, NULL, 'R', 'murugan', NULL, 0, 0, 5711.00, NULL),
(145, 'guru', 6, 1153, 1, '1572', '2019-10-10 15:29:53', '2019-10-10', 'BILLNO-1572/6.9.19', 'PRINTING ITEMS', 28980.00, NULL, 0.00, NULL, 0.00, NULL, 0.00, 28980.00, 'murugan', 'http://192.168.0.55:5000/_uploads/photos/SAROJA_PRESS-_28980.pdf', NULL, NULL, 'R', 'murugan', NULL, 0, 0, 28980.00, NULL),
(146, 'guru', 6, 1154, 1, '193', '2019-10-10 15:33:10', '2019-10-10', 'BILLNO-193/1.9.19', 'PAPER ROLL', 3136.00, NULL, 0.00, NULL, 0.00, NULL, 0.00, 3136.00, 'murugan', 'http://192.168.0.55:5000/_uploads/photos/SRI_BAVANI_AGENCIES_-_3136.pdf', NULL, NULL, 'R', 'murugan', NULL, 0, 0, 3136.00, NULL),
(147, 'guru', 6, 1155, 1, '80/79', '2019-10-10 16:06:33', '2019-10-10', 'billno-80/79', 'printing items', 17624.00, NULL, 0.00, NULL, 0.00, NULL, 0.00, 17624.00, 'murugan', 'http://192.168.0.55:5000/_uploads/photos/V.R.GRAPHICS_1288047448736_3_BILLS.pdf', NULL, NULL, 'R', 'murugan', NULL, 0, 0, 17624.00, NULL),
(148, 'guru', 6, 543, 1, '5 inv', '2019-10-10 16:12:13', '2019-10-10', '3246/3257/3269/3316/3282', 'lab materials', 176526.00, NULL, 0.00, NULL, 0.00, NULL, 0.00, 176526.00, 'murugan', 'http://192.168.0.55:5000/_uploads/photos/MDC_HEALTHCARE184474704151205175816800_5_BILLS.pdf', NULL, NULL, 'R', 'murugan', NULL, 0, 0, 176526.00, NULL),
(149, 'guru', 6, 287, 1, '6412/6339', '2019-10-10 16:15:48', '2019-10-10', 'billno-6412/6339', 'lab materials', 18163.00, NULL, 0.00, NULL, 0.00, NULL, 0.00, 18163.00, 'murugan', 'http://192.168.0.55:5000/_uploads/photos/GOLECHHA_DIAGNOSTICS_92038960_2_BILLS.pdf', NULL, NULL, 'R', 'murugan', NULL, 0, 0, 18163.00, NULL),
(150, 'guru', 6, 37, 1, 'N-23', '2019-10-10 16:51:20', '2019-10-10', 'Billno-05802/27.8.2019', 'machine &equipments', 956250.00, NULL, 0.00, NULL, 0.00, NULL, 0.00, 956250.00, 'murugan', 'http://192.168.0.55:5000/_uploads/photos/ALLENGERS_BALANCE_PAYMENT_Rs.956250-.pdf', NULL, NULL, 'R', 'murugan', 'Q', 0, 0, 956250.00, NULL),
(151, 'ganesan', 6, 37, 1, 'N-23', '2019-10-10 16:59:58', '2019-10-10', 'billno-05802/27.8.2019   total amount-1275000.00 advance paid  318750  balance-956250.00', 'machine&equipment', 956250.00, NULL, 0.00, NULL, 0.00, NULL, 0.00, 956250.00, 'arun', 'http://192.168.0.55:5000/_uploads/photos/ALLENGERS_BALANCE_PAYMENT_Rs.956250-_1.pdf', NULL, NULL, 'R', 'murugan', 'Q', 0, 0, 956250.00, ''),
(152, 'subu', 4, 1147, 28, 'S/14', '2019-10-10 17:40:46', NULL, '', '', 0.00, NULL, 0.00, NULL, 0.00, NULL, 0.00, 0.00, 'su001', 'http://192.168.0.55:5000/_uploads/photos/salary_return_mdu_10_10.xlsx', NULL, NULL, 'O', 'subu', NULL, 0, 0, 0.00, NULL),
(153, 'guru', 6, 283, 15, 'N-24', '2019-10-10 19:24:31', '2019-10-10', 'billno-305 to 311', 'House keeping charges', 208630.00, NULL, 0.00, NULL, 0.00, NULL, 0.00, 208630.00, 'murugan', 'http://192.168.0.55:5000/_uploads/photos/GILGAL_FACILITY_SERVICE.xlsx', NULL, NULL, 'R', 'murugan', NULL, 0, 0, 208630.00, NULL),
(154, 'guru', 6, 283, 15, 'N-24', '2019-10-10 19:32:22', '2019-10-10', '305 to 311', 'House Keeping Charges', 208630.00, NULL, 0.00, NULL, 0.00, NULL, 0.00, 208630.00, 'murugan', 'http://192.168.0.55:5000/_uploads/photos/GILGAL_FACILITY_SERVICE_1.xlsx', NULL, NULL, 'R', 'murugan', NULL, 0, 0, 208630.00, NULL),
(155, 'kaliraj', 6, 283, 15, 'N-24', '2019-10-10 19:39:24', '2019-10-10', '305to 311', 'House keeping  service', 208630.00, NULL, 0.00, NULL, 0.00, NULL, 0.00, 208630.00, 'kaliraj', 'http://192.168.0.55:5000/_uploads/photos/GILGAL_FACILITY_SERVICE_2.xlsx', NULL, 'A', 'R', 'murugan', NULL, 0, 0, 208630.00, ''),
(156, 'kaliraj', 6, 1147, 19, 'N-25', '2019-10-11 10:43:21', '2019-10-11', 'Refund for  4  nos', 'krithya velmurugan-1600& mohamed yusuf-200 &prabhaashkumar-900 & gayathiri-3700  ', 6400.00, NULL, 0.00, NULL, 0.00, NULL, 0.00, 6400.00, 'kaliraj', 'http://192.168.0.55:5000/_uploads/photos/REFUND_KRITHYA_VELMURUGANOTHER_REFUND_11.10.19.xlsx', NULL, 'A', 'O', 'murugan', NULL, 0, 0, 6400.00, ''),
(157, 'kaliraj', 7, 1147, 28, '', '2019-10-11 12:47:38', NULL, 'RETURN SALARY CORRECTED', 'PLS PROCESS THE RETURN SALARY', 10106.00, NULL, 0.00, NULL, 0.00, NULL, 0.00, 10106.00, 'kaliraj', 'http://192.168.0.55:5000/_uploads/photos/RETURN_PAYMENT_CORRECT-11.10.19.xlsx', NULL, 'A', 'O', 'sudhakar', NULL, 0, 0, 10106.00, ''),
(158, 'kaliraj', 6, 539, 1, 'N-27', '2019-10-11 13:22:36', '2019-10-11', 'billno-4291/25.9.2019  amount  rs-98437', 'printing items', 98437.00, NULL, 0.00, NULL, 0.00, NULL, 0.00, 98437.00, 'kaliraj', 'http://192.168.0.55:5000/_uploads/photos/METRO_IMAGINE.xlsx', NULL, 'A', 'R', 'murugan', NULL, 0, 0, 98437.00, ''),
(159, 'kaliraj', 6, 1151, 20, 'N-28', '2019-10-11 14:36:07', '2019-10-11', 'JIO PHONE BILL', 'TELEPHONE BILL', 22648.00, NULL, 0.00, NULL, 0.00, NULL, 0.00, 22648.00, 'kaliraj', 'http://192.168.0.55:5000/_uploads/photos/JIO_PHONE_11.10.19.xlsx', NULL, 'A', 'R', 'murugan', 'Q', 0, 0, 22648.00, ''),
(160, 'kaliraj', 4, 1147, 28, 'S/14', '2019-10-11 14:47:13', NULL, 'SALARY RETURN VEERAMANI', '', 4330.00, NULL, 0.00, NULL, 0.00, NULL, 0.00, 4330.00, 'kaliraj', 'http://192.168.0.55:5000/_uploads/photos/salary_return_mdu_10_10_1.xlsx', NULL, 'A', 'O', 'ram', NULL, 0, 0, 4330.00, ''),
(161, 'kaliraj', 6, 15, 1, 'N-29', '2019-10-11 14:52:00', '2019-10-11', 'Billno-121460/13.8.19 &121667/30.8.19', 'film box', 638566.00, NULL, 0.00, NULL, 0.00, NULL, 0.00, 638566.00, 'kaliraj', 'http://192.168.0.55:5000/_uploads/photos/AGFA_HEALTHCARE_11.10.19.xlsx', NULL, 'A', 'R', 'murugan', NULL, 0, 0, 638566.00, ''),
(162, 'ram', 4, 1147, 19, 'S/14', '2019-10-11 15:33:08', '2019-10-11', 'REFUND MADURAI', '', 6000.00, NULL, 0.00, NULL, 0.00, NULL, 0.00, 6000.00, 'su001', 'http://192.168.0.55:5000/_uploads/photos/REFUND-MDU.xlsx', NULL, NULL, 'O', 'ram', NULL, 0, 0, 6000.00, NULL),
(163, 'ram', 4, 1147, 19, 'S/14', '2019-10-11 15:36:06', '2019-10-11', 'REFUND TUTICORIN', '', 3500.00, NULL, 0.00, NULL, 0.00, NULL, 0.00, 3500.00, 'su001', 'http://192.168.0.55:5000/_uploads/photos/REFUND-TUT.xlsx', NULL, NULL, 'O', 'ram', NULL, 0, 0, 3500.00, NULL),
(164, 'kaliraj', 4, 1147, 19, 'S/15', '2019-10-11 15:37:41', '2019-10-11', 'REFUND TUTICORIN', 'URGENT', 3500.00, NULL, 0.00, NULL, 0.00, NULL, 0.00, 3500.00, 'kaliraj', 'http://192.168.0.55:5000/_uploads/photos/REFUND-TUT_1.xlsx', NULL, 'A', 'O', 'ram', 'Q', 0, 0, 3500.00, ''),
(165, 'kaliraj', 4, 1147, 19, 'S/15', '2019-10-11 15:38:45', '2019-10-11', 'REFUND MADURAI', 'URGENT', 2500.00, NULL, 0.00, NULL, 0.00, NULL, 0.00, 2500.00, 'kaliraj', 'http://192.168.0.55:5000/_uploads/photos/REFUND-MDU_1.xlsx', NULL, 'A', 'O', 'ram', 'Q', 0, 0, 2500.00, ''),
(166, 'kaliraj', 6, 1147, 19, 'N-30', '2019-10-11 17:52:22', '2019-10-11', 'patient refund', 'Refund for  11 party', 34601.00, NULL, 0.00, NULL, 0.00, NULL, 0.00, 34601.00, 'kaliraj', 'http://192.168.0.55:5000/_uploads/photos/REFUND_AVINESH_OTHER_REFUND_11.10.19.xlsx', NULL, 'A', 'O', 'murugan', 'Q', 0, 0, 34601.00, ''),
(167, 'guru', 6, 1147, 28, 'N 31', '2019-10-12 09:38:06', NULL, '49 SUPPLIERS PAYMENT DUE', '', 2564901.00, NULL, 0.00, NULL, 0.00, NULL, 0.00, 2564901.00, 'murugan', 'http://192.168.0.55:5000/_uploads/photos/Copy_of_THE_PROFESSIONAL_COURIERSOTHER_PARTY_PAYMENT_11_10_', NULL, NULL, 'R', 'murugan', NULL, 0, 0, 2564901.00, NULL),
(168, 'guru', 6, 1147, 28, 'N 31', '2019-10-12 09:39:58', NULL, '49 suppliers payment due', '', 2564901.00, NULL, 0.00, NULL, 0.00, NULL, 0.00, 2564901.00, 'murugan', 'http://192.168.0.55:5000/_uploads/photos/Copy_of_THE_PROFESSIONAL_COURIERSOTHER_PARTY_PAYMENT_11_10_', NULL, NULL, 'R', 'murugan', NULL, 0, 0, 2564901.00, NULL),
(169, 'guru', 6, 1147, 28, 'N-31', '2019-10-12 09:53:46', '2019-10-12', '49 invoice payment', '', 2564901.00, NULL, 0.00, NULL, 0.00, NULL, 0.00, 2564901.00, 'murugan', 'http://192.168.0.55:5000/_uploads/photos/THE_PROFESSIONAL_COURIERSOTHER_PARTY_PAYMENT_11.10.19.xlsx', NULL, NULL, 'R', 'murugan', NULL, 0, 0, 2564901.00, NULL),
(170, 'kaliraj', 6, 1147, 28, 'n-31', '2019-10-12 12:16:16', '2019-10-12', '48 invoice payment', '', 1608651.00, NULL, 0.00, NULL, 0.00, NULL, 0.00, 1608651.00, 'kaliraj', 'http://192.168.0.55:5000/_uploads/photos/THE_PROFESSIONAL_COURIERSOTHER_PARTY_PAYMENT_11.10.19_1.xlsx', NULL, 'A', 'R', 'murugan', NULL, 0, 0, 1608651.00, ''),
(171, 'ganesan', 6, 1147, 28, 'N32', '2019-10-12 12:31:06', NULL, '', 'CHENNAI CORPORATION PROPERTY TAX  & PALLAVARAM MUNICIPALITY TAX FOR THE PERIOD OF OCTOBER-2019 TO MARCH-2019 (CHENNAI CORPORATION PROPERTY TAX AMOUNT Rs.563585 + PALLAVARAM MUNICIPALITY (CROMPET BRANC', 617845.00, NULL, 0.00, NULL, 0.00, NULL, 0.00, 617845.00, 'kaliraj', 'http://192.168.0.55:5000/_uploads/photos/CHENNAI__CROMPET_PROPERTY_TAX.pdf', NULL, NULL, 'R', 'govind', NULL, 0, 0, 617845.00, ''),
(172, 'vic001', 7, 1147, 28, '', '2019-10-12 16:12:03', NULL, '', '', 0.00, NULL, 0.00, NULL, 0.00, NULL, 0.00, 0.00, 'test2', '', NULL, NULL, 'O', 'vic001', NULL, 0, 0, 0.00, NULL),
(173, 'ganesan', 6, 1142, 27, 'N-33', '2019-10-12 16:40:47', '2019-10-12', 'Eb charges', 'Eb bill for all centre', 1166736.00, NULL, 0.00, NULL, 0.00, NULL, 0.00, 1166736.00, 'kaliraj', 'http://192.168.0.55:5000/_uploads/photos/ALL_BRANCHES_DETAILS_12.10.19.xlsx', NULL, NULL, 'R', 'murugan', NULL, 0, 0, 1166736.00, ''),
(174, 'kaliraj', 6, 1147, 28, 'N-34', '2019-10-12 16:45:18', '2019-10-12', 'Petticash for Bangalore', 'Hdfc Bank Account No -50200007657762', 100000.00, NULL, 0.00, NULL, 0.00, NULL, 0.00, 100000.00, 'kaliraj', 'http://192.168.0.55:5000/_uploads/photos/PETTICASH_A_C_NO-7762_12.10.19.xlsx', NULL, 'A', 'R', 'murugan', NULL, 0, 0, 100000.00, ''),
(175, 'kaliraj', 7, 1086, 10, 'N-34', '2019-10-12 16:54:06', '2019-10-12', 'VA TECH ', 'HAPPAY CARD', 200000.00, NULL, 0.00, NULL, 0.00, NULL, 0.00, 200000.00, 'kaliraj', 'http://192.168.0.55:5000/_uploads/photos/VA_TECH_VENTURES_P_LTD_12.10.19.xlsx', NULL, 'A', 'R', 'murugan', NULL, 0, 0, 200000.00, ''),
(176, 'kaliraj', 4, 1147, 19, 'S/16', '2019-10-12 17:15:10', '2019-10-12', 'CAUTION DEPOSIT REFUND RS10000,PUR OF ELECTRICALS RS1055', '', 11055.00, NULL, 0.00, NULL, 0.00, NULL, 0.00, 11055.00, 'kaliraj', 'http://192.168.0.55:5000/_uploads/photos/CAUTION_DEPOSIT-SELVARANI_G_8.xlsx', NULL, 'A', 'O', 'ram', NULL, 0, 0, 11055.00, ''),
(177, 'kaliraj', 4, 1147, 8, 'S/16', '2019-10-12 17:17:46', '2019-10-12', 'MADURAI COURIER EXP RS3066', '', 3066.00, NULL, 0.00, NULL, 0.00, NULL, 0.00, 3066.00, 'kaliraj', 'http://192.168.0.55:5000/_uploads/photos/PARTY_PAYMENT_4.xlsx', NULL, 'A', 'O', 'ram', NULL, 0, 0, 3066.00, ''),
(178, 'kaliraj', 4, 1147, 1, 'S/16', '2019-10-12 17:20:19', '2019-10-12', 'BULK PARTY PAYMENT', '', 183721.00, NULL, 0.00, NULL, 0.00, NULL, 0.00, 183721.00, 'kaliraj', 'http://192.168.0.55:5000/_uploads/photos/PARTY_PAYMENT_5.xlsx', NULL, 'A', 'O', 'ram', NULL, 0, 0, 183721.00, ''),
(179, 'kaliraj', 4, 1147, 21, 'S/16', '2019-10-12 17:44:49', '2019-10-12', 'STUDENTS SALARY SEP19 RS5618', '', 5618.00, NULL, 0.00, NULL, 0.00, NULL, 0.00, 5618.00, 'kaliraj', 'http://192.168.0.55:5000/_uploads/photos/general_exp_mdu_12_10.xlsx', NULL, 'A', 'O', 'ram', NULL, 0, 0, 5618.00, ''),
(180, 'kaliraj', 4, 1147, 19, 'S/17', '2019-10-14 12:45:18', '2019-10-14', 'MUTHURAMESH RS2500,K SUDHAKAR RS650,HALITH A RS1650', '', 4800.00, NULL, 0.00, NULL, 0.00, NULL, 0.00, 4800.00, 'kaliraj', 'http://192.168.0.55:5000/_uploads/photos/REFUND-TUTTVLTANJ.xlsx', NULL, 'A', 'O', 'ram', NULL, 0, 0, 4800.00, ''),
(181, 'guru', 6, 1147, 28, 'N34', '2019-10-14 12:58:09', NULL, 'DR ALAUDIN\'S ARREAR PAYMENT', '', 11406.00, NULL, 0.00, NULL, 0.00, NULL, 0.00, 11406.00, 'sa001', 'http://192.168.0.55:5000/_uploads/photos/DR_ARREAR_14.10.xlsx', NULL, NULL, 'R', 'sa001', 'Q', 0, 0, 11406.00, NULL),
(182, 'kaliraj', 7, 1147, 28, 'N36', '2019-10-14 13:16:48', NULL, 'DR ALAUDIN\'S ARREAR SALARY', '', 11406.00, NULL, 0.00, NULL, 0.00, NULL, 0.00, 11406.00, 'kaliraj', 'http://192.168.0.55:5000/_uploads/photos/DR_ARREAR_14.10_1.xlsx', NULL, 'A', 'R', 'sa001', 'Q', 0, 0, 11406.00, ''),
(183, 'kaliraj', 6, 1147, 28, 'N-37', '2019-10-14 13:24:50', '2019-10-14', 'hdfc creditcard', 'hdfc credit card-4375 4650 0009 6770', 443617.00, NULL, 0.00, NULL, 0.00, NULL, 0.00, 443617.00, 'kaliraj', 'http://192.168.0.55:5000/_uploads/photos/HDFC_CREDITCARD_-6770_14.10.19.xlsx', NULL, 'A', 'R', 'murugan', NULL, 0, 0, 443617.00, ''),
(184, 'kaliraj', 6, 1147, 28, 'N -38', '2019-10-14 14:02:41', '2019-10-14', 'PETTICASH', 'RAJAJINAGAR PETTICASH-160000.00&HYDRABAD PETTICASH-100000.00', 260000.00, NULL, 0.00, NULL, 0.00, NULL, 0.00, 260000.00, 'kaliraj', 'http://192.168.0.55:5000/_uploads/photos/PETTICASH_HYDRABADRAJAJINAGR_14.10.2019.xlsx', NULL, 'A', 'R', 'murugan', NULL, 0, 0, 260000.00, ''),
(185, 'kaliraj', 4, 1147, 19, 'S/18', '2019-10-14 15:35:53', '2019-10-14', 'KANAGARAJ K RS800', 'URGENT', 800.00, NULL, 0.00, NULL, 0.00, NULL, 0.00, 800.00, 'kaliraj', 'http://192.168.0.55:5000/_uploads/photos/REFUND-KVPT.xlsx', NULL, 'A', 'O', 'ram', 'Q', 0, 0, 800.00, ''),
(186, 'guru', 7, 1147, 28, '', '2019-10-14 15:42:52', NULL, 'INCENTIVE FOR BNG & HYD FOR SEP19', 'KINDLY PROCESS IN QUICK PAYMENT', 303417.00, NULL, 0.00, NULL, 0.00, NULL, 0.00, 303417.00, 'sudhakar', 'http://192.168.0.55:5000/_uploads/photos/HDFC_14.10.19.xlsx', NULL, NULL, 'O', 'sudhakar', 'Q', 0, 0, 303417.00, NULL),
(187, 'guru', 7, 1147, 28, '', '2019-10-14 15:48:33', NULL, 'PETROL INCENTIVE FOR BNG & HYD SEP19', 'KINDLY PROCESS', 268775.00, NULL, 0.00, NULL, 0.00, NULL, 0.00, 268775.00, 'sudhakar', 'http://192.168.0.55:5000/_uploads/photos/HYDBD__BNGLR_PETROL_SEP19-14.10.19.xlsx', NULL, NULL, 'O', 'sudhakar', 'Q', 0, 0, 268775.00, NULL),
(188, 'guru', 7, 1147, 28, '', '2019-10-14 15:49:52', NULL, 'PETROL ALL FOR HDFC EMP', 'KINDLY PROCESS HDFC BANK A/C STAFF', 34642.00, NULL, 0.00, NULL, 0.00, NULL, 0.00, 34642.00, 'sudhakar', 'http://192.168.0.55:5000/_uploads/photos/HDFC_14.10.19_1.xlsx', NULL, NULL, 'O', 'sudhakar', 'Q', 0, 0, 34642.00, NULL),
(189, 'kaliraj', 6, 1147, 28, 'N39', '2019-10-14 16:10:09', '2019-12-10', 'PETROL ALLOWANCE FOR BANGALORE AND HYDERABAD ', 'PETROL ALLOWANCE FOR HDFC BANK ACCOUNT       Rs.34642-\r\nPETROL ALLOWANCE FOR OTHER BANK ACCOUNT  Rs.268775-\r\n                                                                                           ', 303417.00, NULL, 0.00, NULL, 0.00, NULL, 0.00, 303417.00, 'kaliraj', 'http://192.168.0.55:5000/_uploads/photos/HDFC__OTHER_HYDBD__BNGLR_PETROL_SEP19-14.10.19_1.xls', NULL, 'A', 'R', 'sudhakar', NULL, 0, 0, 303417.00, ''),
(190, 'kaliraj', 4, 1147, 19, 'S/19', '2019-10-14 16:15:05', '2019-10-14', 'ARULRAJ A RS6308,YESURAJA TRS2604', '', 8912.00, NULL, 0.00, NULL, 0.00, NULL, 0.00, 8912.00, 'kaliraj', 'http://192.168.0.55:5000/_uploads/photos/CAUTION_DEPOSIT-ARULRAJ.xlsx', NULL, 'A', 'O', 'ram', NULL, 0, 0, 8912.00, ''),
(191, 'kaliraj', 4, 1147, 21, 'S/19', '2019-10-14 16:25:35', '2019-10-14', 'LAKSHMANAN G RS700', '', 700.00, NULL, 0.00, NULL, 0.00, NULL, 0.00, 700.00, 'kaliraj', 'http://192.168.0.55:5000/_uploads/photos/general_exp_aayutha_pooja_exp_12_10_mdu_1.xlsx', NULL, 'A', 'O', 'ram', NULL, 0, 0, 700.00, ''),
(192, 'kaliraj', 4, 1147, 21, 'S/19', '2019-10-14 16:27:27', '2019-10-14', 'POOJA EXP ALLCENTRE', '', 12912.00, NULL, 0.00, NULL, 0.00, NULL, 0.00, 12912.00, 'kaliraj', 'http://192.168.0.55:5000/_uploads/photos/general_exp_aayutha_pooja_exp_12_10.xlsx', NULL, 'A', 'O', 'ram', NULL, 0, 0, 12912.00, ''),
(193, 'kaliraj', 4, 1147, 23, 'S/19', '2019-10-14 16:42:59', '2019-10-14', 'DR BUDDHA SALARY RS8000', '', 8000.00, NULL, 0.00, NULL, 0.00, NULL, 0.00, 8000.00, 'kaliraj', 'http://192.168.0.55:5000/_uploads/photos/BUDDHA_SALARY.xlsx', NULL, 'A', 'O', 'ram', NULL, 0, 0, 8000.00, ''),
(194, 'guru', 7, 1147, 28, 'N41', '2019-10-14 17:24:23', NULL, 'DR VEENA SINGH\'S PAYMENT', '', 0.00, NULL, 0.00, NULL, 0.00, NULL, 0.00, 0.00, 'sa001', 'http://192.168.0.55:5000/_uploads/photos/DR_ARREAR_14.10_2.xlsx', NULL, NULL, 'O', 'sa001', 'Q', 0, 0, 0.00, NULL),
(195, 'kaliraj', 7, 1147, 28, 'N41', '2019-10-14 17:26:06', NULL, 'DR VEENA SINGH\'S SALARY', '', 10000.00, NULL, 0.00, NULL, 0.00, NULL, 0.00, 10000.00, 'kaliraj', 'http://192.168.0.55:5000/_uploads/photos/DR_ARREAR_14.10_3.xlsx', NULL, 'A', 'O', 'sa001', 'Q', 0, 0, 10000.00, ''),
(196, 'kaliraj', 6, 1147, 28, 'N-40', '2019-10-14 17:26:07', '2019-10-14', 'Party payment  ', '22 inv total amount -852491.00', 852491.00, NULL, 0.00, NULL, 0.00, NULL, 0.00, 852491.00, 'kaliraj', 'http://192.168.0.55:5000/_uploads/photos/KEERTHI_TRADERSOTHER_PARTY_PAY_14.10.2019.xlsx', NULL, 'A', 'R', 'murugan', NULL, 0, 0, 852491.00, ''),
(197, 'kaliraj', 4, 1147, 20, 'S/20', '2019-10-15 16:12:52', '2019-10-15', 'AIRTEL PHONE BILL SEP19 RS11800', '', 206499.00, NULL, 0.00, NULL, 0.00, NULL, 0.00, 206499.00, 'kaliraj', 'http://192.168.0.55:5000/_uploads/photos/AIRTEL-PHONE.xlsx', NULL, 'A', 'O', 'ram', 'Q', 0, 0, 206499.00, ''),
(198, 'ac001', 4, 1147, 4, 'S/20', '2019-10-15 16:19:33', '2019-10-15', 'INTREPRETATION CHARGES RS45900', '', 206499.00, NULL, 0.00, NULL, 0.00, NULL, 0.00, 206499.00, 'su001', 'http://192.168.0.55:5000/_uploads/photos/interpretation_charges_14_10_rjp.xlsx', NULL, NULL, 'O', 'ram', NULL, 0, 0, 206499.00, NULL),
(199, 'ac001', 4, 1147, 28, 'S/20', '2019-10-15 16:21:47', '2019-10-15', 'FUND TRANSFER RS127633', '', 206499.00, NULL, 0.00, NULL, 0.00, NULL, 0.00, 206499.00, 'su001', 'http://192.168.0.55:5000/_uploads/photos/FUNDTRANSFER_MDU.pdf', NULL, NULL, 'O', 'ram', NULL, 0, 0, 206499.00, NULL),
(200, 'ac001', 4, 1147, 8, 'S/20', '2019-10-15 16:28:34', '2019-10-15', 'PROFESSIONAL COURIERS RS8850', '', 206499.00, NULL, 0.00, NULL, 0.00, NULL, 0.00, 206499.00, 'su001', 'http://192.168.0.55:5000/_uploads/photos/PARTY-ALL.xlsx', NULL, NULL, 'O', 'ram', NULL, 0, 0, 206499.00, NULL),
(201, 'ac001', 4, 1147, 21, 'S/20', '2019-10-15 16:36:50', '2019-10-15', 'SAMPLE EXP RS12316', '', 206499.00, NULL, 0.00, NULL, 0.00, NULL, 0.00, 206499.00, 'su001', 'http://192.168.0.55:5000/_uploads/photos/sample_exp_14_10.xlsx', NULL, NULL, 'O', 'ram', NULL, 0, 0, 206499.00, NULL),
(202, 'ganesan', 6, 1147, 28, 'N-42', '2019-10-15 17:43:44', '2019-10-15', 'metro water bill&educational fees', 'payment due-90678.00  &metro water bill-219544.00  total=310222.00', 310222.00, NULL, 0.00, NULL, 0.00, NULL, 0.00, 310222.00, 'kaliraj', 'http://192.168.0.55:5000/_uploads/photos/INNOWAVEOTHER_PARTY_PAYMENT_15.10.2019.xlsx', NULL, NULL, 'R', 'murugan', NULL, 0, 0, 310222.00, ''),
(203, 'kaliraj', 4, 1147, 28, 'S/21', '2019-10-16 10:55:09', '2019-10-16', 'FUND TRANSFER SLIP RS127633', '', 127633.00, NULL, 0.00, NULL, 0.00, NULL, 0.00, 127633.00, 'kaliraj', 'http://192.168.0.55:5000/_uploads/photos/FUNDTRANSFER_MDU_1.pdf', NULL, 'A', 'O', 'ram', NULL, 0, 0, 127633.00, ''),
(204, 'kaliraj', 4, 1147, 8, 'S/22', '2019-10-16 10:57:08', '2019-10-16', 'COURIER EXP RS8850', '', 8850.00, NULL, 0.00, NULL, 0.00, NULL, 0.00, 8850.00, 'kaliraj', 'http://192.168.0.55:5000/_uploads/photos/PARTY-ALL_1.xlsx', NULL, 'A', 'O', 'ram', NULL, 0, 0, 8850.00, ''),
(205, 'kaliraj', 4, 1147, 21, 'S/23', '2019-10-16 10:59:29', '2019-10-16', 'SAMPLEEXP RS12316', '', 12316.00, NULL, 0.00, NULL, 0.00, NULL, 0.00, 12316.00, 'kaliraj', 'http://192.168.0.55:5000/_uploads/photos/sample_exp_14_10_1.xlsx', NULL, 'A', 'O', 'ram', NULL, 0, 0, 12316.00, ''),
(206, 'kaliraj', 4, 1147, 4, 'S/24', '2019-10-16 11:01:44', '2019-10-16', 'INTREPRETATION CHARGES RS45900', '', 45900.00, NULL, 0.00, NULL, 0.00, NULL, 0.00, 45900.00, 'kaliraj', 'http://192.168.0.55:5000/_uploads/photos/interpretation_charges_14_10_rjp_1.xlsx', NULL, 'A', 'O', 'ram', NULL, 0, 0, 45900.00, ''),
(207, 'sudhakar', 2, 1147, 28, '123', '2019-10-16 12:20:36', NULL, 'this is a test request from it development team', 'this is a test request from it development team', 1000.00, NULL, 0.00, NULL, 0.00, NULL, 0.00, 1000.00, 'test2', '', NULL, NULL, 'O', 'sudhakar', NULL, 0, 0, 1000.00, NULL),
(208, 'kaliraj', 4, 1147, 20, 'S/25', '2019-10-16 15:02:07', '2019-10-16', 'AIRTEL PHONE BILL SALEM RS1342', 'URGENT', 1342.00, NULL, 0.00, NULL, 0.00, NULL, 0.00, 1342.00, 'kaliraj', 'http://192.168.0.55:5000/_uploads/photos/AIRTEL-PHONE_1.xlsx', NULL, 'A', 'O', 'ram', 'Q', 0, 0, 1342.00, ''),
(209, 'guru', 6, 1147, 19, 'N-43', '2019-10-16 15:56:01', '2019-10-16', '', '', 41270.00, NULL, 0.00, NULL, 0.00, NULL, 0.00, 41270.00, 'murugan', 'http://192.168.0.55:5000/_uploads/photos/REFUND_MOHAMMED_TANVEEROTHER_REFUND_16.10.2019.xlsx', NULL, NULL, 'O', 'murugan', NULL, 0, 0, 41270.00, NULL),
(210, 'vic001', 6, NULL, 1, '23423', '2019-10-16 16:06:28', '2019-10-16', 'testing from it development', 'testing from it development', 1200.00, NULL, 0.00, NULL, 0.00, NULL, 0.00, 1200.00, 'test2', '', NULL, NULL, 'O', 'vic001', NULL, 0, 0, 1200.00, NULL),
(211, 'kaliraj', 6, 1147, 19, 'N-43', '2019-10-16 16:08:54', '2019-10-16', 'refund', 'patient refund', 41270.00, NULL, 0.00, NULL, 0.00, NULL, 0.00, 41270.00, 'kaliraj', 'http://192.168.0.55:5000/_uploads/photos/REFUND_MOHAMMED_TANVEEROTHER_REFUND_16.10.2019_1.xlsx', NULL, 'A', 'O', 'murugan', 'Q', 0, 0, 41270.00, ''),
(212, 'vic001', 7, 1147, 28, '', '2019-10-16 16:10:31', NULL, '', 'test', 0.00, NULL, 0.00, NULL, 0.00, NULL, 0.00, 0.00, 'test2', '', NULL, NULL, 'O', 'vic001', NULL, 0, 0, 0.00, NULL),
(213, 'vic001', 7, 1147, 28, '234', '2019-10-16 16:12:31', NULL, '', 'test invoice', 0.00, NULL, 0.00, NULL, 0.00, NULL, 0.00, 0.00, 'test2', '', NULL, NULL, 'O', 'vic001', NULL, 0, 0, 0.00, NULL),
(214, 'vic001', 7, 1147, 28, '123', '2019-10-16 16:14:15', NULL, '', '', 1000.00, NULL, 0.00, NULL, 0.00, NULL, 0.00, 1000.00, 'test2', '', NULL, NULL, 'O', 'vic001', NULL, 0, 0, 1000.00, NULL),
(215, 'guru', 7, 1147, 28, '', '2019-10-16 16:16:41', '2019-10-16', 'return inc ', 'pls process the return incentive ', 3065.00, NULL, 0.00, NULL, 0.00, NULL, 0.00, 3065.00, 'sudhakar', 'http://192.168.0.55:5000/_uploads/photos/RETURN_INC_CORT-_16.10.19.xlsx', NULL, NULL, 'O', 'sudhakar', NULL, 0, 0, 3065.00, NULL),
(216, 'kaliraj', 4, 1147, 5, 'S/26', '2019-10-16 16:51:37', '2019-10-16', 'SWAMINATHAN RS7380(SSS),ADVANCE RS5000,EXPENSES RS2500', '', 14880.00, NULL, 0.00, NULL, 0.00, NULL, 0.00, 14880.00, 'kaliraj', 'http://192.168.0.55:5000/_uploads/photos/SSS.xlsx', NULL, 'A', 'O', 'ram', NULL, 0, 0, 14880.00, ''),
(217, 'ac001', 6, 1147, 28, 'N-44', '2019-10-16 17:30:14', '2019-10-16', 'Eb bill &payment bill', 'Eb bill-3 nos   &other payment   21 nos', 520493.00, NULL, 0.00, NULL, 0.00, NULL, 0.00, 520493.00, 'guru', 'http://192.168.0.55:5000/_uploads/photos/GLOBAL_ACADEMYOTHER_PARTY_PAYMENT_16.10.2019.xlsx', NULL, NULL, 'R', 'murugan', NULL, 0, 0, 520493.00, NULL),
(218, 'guru', 7, 1147, 28, 'N 45', '2019-10-16 17:43:12', '2019-10-16', 'Return incentiove', 'pls process the reutrn inc', 3065.00, NULL, 0.00, NULL, 0.00, NULL, 0.00, 3065.00, 'sudhakar', 'http://192.168.0.55:5000/_uploads/photos/RETURN_INC_CORT-_16.10.19_1.xlsx', NULL, NULL, 'O', 'sudhakar', NULL, 0, 0, 3065.00, NULL),
(219, 'kaliraj', 6, 1147, 28, 'N 44', '2019-10-16 18:37:48', '2019-10-16', 'party payment', '21 bills  amount  rs507027.00', 507027.00, NULL, 0.00, NULL, 0.00, NULL, 0.00, 507027.00, 'kaliraj', 'http://192.168.0.55:5000/_uploads/photos/GLOBALOTHER_PAY_16.10.19.xlsx', NULL, 'A', 'R', 'murugan', NULL, 0, 0, 507027.00, ''),
(220, 'ganesan', 6, 1147, 27, 'n-45', '2019-10-16 18:42:35', '2019-10-16', 'eb bill', 'eb payment for 3 nos', 10574.00, NULL, 0.00, NULL, 0.00, NULL, 0.00, 10574.00, 'kaliraj', 'http://192.168.0.55:5000/_uploads/photos/AVADIVIILVAKKAM_E_B_16.10.19.xlsx', NULL, NULL, 'R', 'murugan', NULL, 0, 0, 10574.00, ''),
(221, 'kaliraj', 6, 1147, 28, 'n 46', '2019-10-16 18:45:19', '2019-10-16', 'return   incentive', 'l kannan amount-3065.00', 3065.00, NULL, 0.00, NULL, 0.00, NULL, 0.00, 3065.00, 'kaliraj', 'http://192.168.0.55:5000/_uploads/photos/Copy_of_RETURN_INC_CORT-_16.10.19.xlsx', NULL, 'A', 'O', 'murugan', NULL, 0, 0, 3065.00, ''),
(222, 'kaliraj', 4, 1147, 21, 'S/27', '2019-10-17 09:41:52', '2019-10-17', 'STAFF ADVANCE  TVL RS2800', 'URGENT', 2800.00, NULL, 0.00, NULL, 0.00, NULL, 0.00, 2800.00, 'kaliraj', 'http://192.168.0.55:5000/_uploads/photos/BABUKANNAN.xlsx', NULL, 'A', 'O', 'ram', 'Q', 0, 0, 2800.00, ''),
(223, 'kaliraj', 6, 1086, 28, 'N-47', '2019-10-17 13:55:08', '2019-10-17', 'Happaycard', 'Happaycard amount rs 200000.00', 200000.00, NULL, 0.00, NULL, 0.00, NULL, 0.00, 200000.00, 'kaliraj', 'http://192.168.0.55:5000/_uploads/photos/VA_VENTURES_P_LTD_17.1019.xlsx', NULL, 'A', 'R', 'murugan', NULL, 0, 0, 200000.00, ''),
(224, 'kaliraj', 6, 1141, 20, 'N-48', '2019-10-17 14:30:15', '2019-10-17', 'airtel', 'Airtel selaiyur Branch  amount  rs 1944.00', 1944.00, NULL, 0.00, NULL, 0.00, NULL, 0.00, 1944.00, 'kaliraj', 'http://192.168.0.55:5000/_uploads/photos/AIRTEL_SELAIYUR_17.10.19.xlsx', NULL, 'A', 'O', 'murugan', 'Q', 0, 0, 1944.00, ''),
(225, 'kaliraj', 6, 1147, 19, 'N-49', '2019-10-17 15:36:29', '2019-10-17', 'Refund payment', 'Patient Refund  4 nos amount rs 15900.00', 15900.00, NULL, 0.00, NULL, 0.00, NULL, 0.00, 15900.00, 'kaliraj', 'http://192.168.0.55:5000/_uploads/photos/REFUND_GUNASEKAROTHR_REFUND_17.10.2019.xlsx', NULL, 'A', 'O', 'murugan', 'Q', 0, 0, 15900.00, ''),
(226, 'kaliraj', 4, 1138, 1, 'S/28', '2019-10-17 16:57:19', '2019-10-17', 'DR SK BUDDHA SALARY RS7700,PARTY PAYMENT RS162381', '', 170081.00, NULL, 0.00, NULL, 0.00, NULL, 0.00, 170081.00, 'kaliraj', 'http://192.168.0.55:5000/_uploads/photos/PARTY-ALL_3.xlsx', NULL, 'A', 'O', 'ram', NULL, 0, 0, 170081.00, ''),
(227, 'kaliraj', 6, 1147, 28, 'N 50', '2019-10-17 17:51:02', '2019-10-17', 'Staff incentive', ' staff incentive Amount rs 40982.00', 40982.00, NULL, 0.00, NULL, 0.00, NULL, 0.00, 40982.00, 'kaliraj', 'http://192.168.0.55:5000/_uploads/photos/PEND_INCENT_AUG2019__SALARY_-_16.10.19.xlsx', NULL, 'A', 'O', 'murugan', NULL, 0, 0, 40982.00, ''),
(228, 'kaliraj', 6, 1147, 28, 'N-51', '2019-10-17 17:57:56', '2019-10-17', 'Bill party payment', 'total partys no 46  total amount  rs 2239239.00', 2239239.00, NULL, 0.00, NULL, 0.00, NULL, 0.00, 2239239.00, 'kaliraj', 'http://192.168.0.55:5000/_uploads/photos/ANNAI_ENTERPRISESOTHER_PARTY_PAYMENT_17.10.19.xlsx', NULL, 'A', 'R', 'murugan', NULL, 0, 0, 2239239.00, ''),
(229, 'kaliraj', 6, 186, 17, 'N-52', '2019-10-18 11:08:59', '2019-10-18', 'Petrocard chennai', 'petrocard chennai  amount rs 200000.00', 200000.00, NULL, 0.00, NULL, 0.00, NULL, 0.00, 200000.00, 'kaliraj', 'http://192.168.0.55:5000/_uploads/photos/PETROCARD_CHENNAI_18.10.2019.xlsx', NULL, 'A', 'R', 'murugan', 'Q', 0, 0, 200000.00, ''),
(230, 'kaliraj', 4, 1147, 19, 'S/29', '2019-10-18 11:31:14', '2019-10-18', 'REFUND TENKASI C GOMATHI RS3150,MADURAI PONNAN RS290', 'URGENT', 3440.00, NULL, 0.00, NULL, 0.00, NULL, 0.00, 3440.00, 'kaliraj', 'http://192.168.0.55:5000/_uploads/photos/REFUND-MDUTNK.xlsx', NULL, 'A', 'O', 'ram', 'Q', 0, 0, 3440.00, ''),
(231, 'kaliraj', 6, 1147, 19, 'N 53', '2019-10-18 12:37:42', '2019-10-18', 'Refund', 'Refund for 6 patients amount rs  13250.00', 13250.00, NULL, 0.00, NULL, 0.00, NULL, 0.00, 13250.00, 'kaliraj', 'http://192.168.0.55:5000/_uploads/photos/REFUND_PRIYESANOTHER_REFUND_18.10.19.xlsx', NULL, 'A', 'O', 'murugan', 'Q', 0, 0, 13250.00, ''),
(232, 'ram', 4, 1138, 1, 'S/30', '2019-10-18 16:51:16', '2019-10-18', 'MERIL DIAGNOSTICS PVT LTD RS59754', '', 59754.00, NULL, 0.00, NULL, 0.00, NULL, 0.00, 59754.00, 'su001', 'http://192.168.0.55:5000/_uploads/photos/PARTY-ALL_4.xlsx', NULL, NULL, 'R', 'ram', NULL, 0, 0, 59754.00, NULL),
(233, 'kaliraj', 4, 1138, 1, 'S/30', '2019-10-18 16:53:52', '2019-10-18', 'MERIL DIAGNOSTICS PVT LTD RS59754', '', 59754.00, NULL, 0.00, NULL, 0.00, NULL, 0.00, 59754.00, 'kaliraj', 'http://192.168.0.55:5000/_uploads/photos/PARTY-ALL_5.xlsx', NULL, 'A', 'R', 'ram', NULL, 0, 0, 59754.00, ''),
(234, 'guru', 6, 1147, 28, 'N-54', '2019-10-18 17:30:21', '2019-10-18', 'Party payment', 'nine parties and amount rs  281579.00', 281579.00, NULL, 0.00, NULL, 0.00, NULL, 0.00, 281579.00, 'murugan', 'http://192.168.0.55:5000/_uploads/photos/DR_AJEESOTHER_PARTY_PAYMENT_18.10.19.xlsx', NULL, NULL, 'R', 'murugan', NULL, 0, 0, 281579.00, NULL),
(235, 'kaliraj', 6, 1147, 28, 'N-54', '2019-10-18 17:40:21', '2019-10-18', 'Payment of party', 'payment parties 9  amount  281579.00', 281579.00, NULL, 0.00, NULL, 0.00, NULL, 0.00, 281579.00, 'kaliraj', 'http://192.168.0.55:5000/_uploads/photos/DR_AJEESOTHER_PARTY_PAYMENT_18.10.19_1.xlsx', NULL, 'A', 'R', 'murugan', NULL, 0, 0, 281579.00, ''),
(236, 'kaliraj', 4, 1147, 21, 'S/31', '2019-10-19 12:44:33', '2019-10-19', 'BABUKANNAN EXP RS1032,SAIMANIKANDAN ADVANCE RS1191', 'URGENT', 2223.00, NULL, 0.00, NULL, 0.00, NULL, 0.00, 2223.00, 'kaliraj', 'http://192.168.0.55:5000/_uploads/photos/BABUKANNANSAIMANI.xlsx', NULL, 'A', 'O', 'ram', 'Q', 0, 0, 2223.00, ''),
(237, 'kaliraj', 6, 1147, 19, 'N-55', '2019-10-19 13:48:47', '2019-10-19', 'patient refund', 'patient refund  for 6 nos  amount rs 11507.00', 11507.00, NULL, 0.00, NULL, 0.00, NULL, 0.00, 11507.00, 'kaliraj', 'http://192.168.0.55:5000/_uploads/photos/REFUND_SRI_NANDHINIOTHER_REFUND_19.10.19.xlsx', NULL, 'A', 'O', 'murugan', 'Q', 0, 0, 11507.00, ''),
(238, 'kaliraj', 4, 1147, 19, 'S/32', '2019-10-19 16:15:55', '2019-10-19', 'MDU N MADHAVAN RS2000,TVL K SEGUALIIQBAL RS1000,TNK H MUTHUSANKAR RS1580', 'URGENT', 4580.00, NULL, 0.00, NULL, 0.00, NULL, 0.00, 4580.00, 'kaliraj', 'http://192.168.0.55:5000/_uploads/photos/REFUND-MDUTNKTVL.xlsx', NULL, 'A', 'O', 'ram', 'Q', 0, 0, 4580.00, ''),
(239, 'kaliraj', 4, 1147, 28, 'S/33', '2019-10-19 16:42:54', '2019-10-19', 'FUND TRANSFER RS129710', '', 129710.00, NULL, 0.00, NULL, 0.00, NULL, 0.00, 129710.00, 'kaliraj', 'http://192.168.0.55:5000/_uploads/photos/FUNDTRANSFER_MDU_2.pdf', NULL, 'A', 'R', 'ram', NULL, 0, 0, 129710.00, ''),
(240, 'ac001', 6, 1147, 28, 'N-56', '2019-10-19 17:37:47', '2019-10-19', 'Eb bill&party payment', 'total payment parties  7 nos  amount  114508.00', 114508.00, NULL, 0.00, NULL, 0.00, NULL, 0.00, 114508.00, 'guru', 'http://192.168.0.55:5000/_uploads/photos/ABDUL_GHANIOTHER_PAY_19.10.19.xlsx', NULL, NULL, 'R', 'murugan', NULL, 0, 0, 114508.00, NULL),
(241, 'kaliraj', 6, 1147, 28, 'N-56', '2019-10-19 18:38:47', '2019-10-19', 'E b payment&party payment', 'party payment&eb payment rs  189894.00', 189894.00, NULL, 0.00, NULL, 0.00, NULL, 0.00, 189894.00, 'kaliraj', 'http://192.168.0.55:5000/_uploads/photos/ABDUL_GHANIOTHER_PAY_19.10.19_1.xlsx', NULL, 'A', 'R', 'murugan', NULL, 0, 0, 189894.00, ''),
(242, 'vic001', 2, 1147, 28, '', '2019-10-20 16:49:44', NULL, '', '', 0.00, NULL, 0.00, NULL, 0.00, NULL, 0.00, 0.00, 'test2', '', NULL, NULL, 'O', 'vic001', NULL, 0, 0, 0.00, NULL),
(243, 'vic001', 2, 1147, 28, '', '2019-10-20 16:50:48', NULL, '', '', 0.00, NULL, 0.00, NULL, 0.00, NULL, 0.00, 0.00, 'test2', '', NULL, NULL, 'O', 'vic001', NULL, 0, 0, 0.00, NULL),
(244, 'vic001', 2, 1147, 28, '', '2019-10-20 16:50:54', NULL, '', '', 0.00, NULL, 0.00, NULL, 0.00, NULL, 0.00, 0.00, 'test2', '', NULL, NULL, 'O', 'vic001', NULL, 0, 0, 0.00, NULL),
(245, 'kaliraj', 4, 1147, 19, 'S/34', '2019-10-21 12:52:01', '2019-10-21', 'G PRAKASHKRISHNAN RS4100', 'URGENT', 4100.00, NULL, 0.00, NULL, 0.00, NULL, 0.00, 4100.00, 'kaliraj', 'http://192.168.0.55:5000/_uploads/photos/REFUND-TVL.xlsx', NULL, 'A', 'O', 'ram', 'Q', 0, 0, 4100.00, ''),
(246, 'guru', 6, 1090, 10, 'N-57', '2019-10-21 14:34:04', '2019-10-21', 'Happyacard payment', 'Happaycard  amount  rs 300000.00', 300000.00, NULL, 0.00, NULL, 0.00, NULL, 0.00, 300000.00, 'murugan', 'http://192.168.0.55:5000/_uploads/photos/VTA_VENTURES_P_LTD_21.10.19.xlsx', NULL, NULL, 'R', 'murugan', NULL, 0, 0, 300000.00, NULL),
(247, 'kaliraj', 6, 1090, 10, 'N-57', '2019-10-21 14:39:50', '2019-10-21', 'Happaycard payment', 'Happycard amount  rs 300000.00', 300000.00, NULL, 0.00, NULL, 0.00, NULL, 0.00, 300000.00, 'kaliraj', 'http://192.168.0.55:5000/_uploads/photos/VTA_VENTURES_P_LTD_21.10.19_1.xlsx', NULL, 'A', 'R', 'murugan', 'Q', 0, 0, 300000.00, ''),
(248, 'kaliraj', 4, 1147, 21, 'S/36', '2019-10-21 16:23:32', '2019-10-21', 'TVL INCENTIVE RS110688,MDU INCENTIVE RS14717,H MEDIAS RS77962', '', 203367.00, NULL, 0.00, NULL, 0.00, NULL, 0.00, 203367.00, 'kaliraj', 'http://192.168.0.55:5000/_uploads/photos/staff_performancec_incentive_tvlmduHmedia.xlsx', NULL, 'A', 'R', 'ram', NULL, 0, 0, 203367.00, ''),
(249, 'ac001', 4, 1147, 20, 'S/35', '2019-10-21 17:01:45', '2019-10-21', 'BSNL PHONE BILLS RS18606', '', 18606.00, NULL, 0.00, NULL, 0.00, NULL, 0.00, 18606.00, 'ganesan', 'http://192.168.0.55:5000/_uploads/photos/BSNL.xlsx', NULL, NULL, 'R', 'ram', NULL, 0, 0, 18606.00, NULL),
(250, 'kaliraj', 4, 1147, 21, 'S/37', '2019-10-21 17:05:53', '2019-10-21', 'STAFF ADVANCE SAIMANIKANDAN RS800', 'URGENT', 800.00, NULL, 0.00, NULL, 0.00, NULL, 0.00, 800.00, 'kaliraj', 'http://192.168.0.55:5000/_uploads/photos/SAIMANI.xlsx', NULL, 'A', 'O', 'ram', 'Q', 0, 0, 800.00, ''),
(251, 'kaliraj', 6, 1147, 1, 'N-58', '2019-10-21 17:26:17', '2019-10-21', 'Party payment', 'payment parties  9 nos  amount  rs 4441881.00', 4441881.00, NULL, 0.00, NULL, 0.00, NULL, 0.00, 4441881.00, 'kaliraj', 'http://192.168.0.55:5000/_uploads/photos/TIMES_INTERNET_LTD_OTHER_PARTY_PAYMENT_21.10.19.xlsx', NULL, 'A', 'R', 'murugan', NULL, 0, 0, 4441881.00, ''),
(252, 'kaliraj', 4, 1147, 1, 'S/38', '2019-10-21 17:44:21', '2019-10-21', 'DR SK BUDDHA RS5100,PARTY PAYMENT RS167369', '', 172469.00, NULL, 0.00, NULL, 0.00, NULL, 0.00, 172469.00, 'kaliraj', 'http://192.168.0.55:5000/_uploads/photos/PARTY-ALL_6.xlsx', NULL, 'A', 'R', 'ram', NULL, 0, 0, 172469.00, ''),
(253, 'kaliraj', 4, 1147, 21, 'S/39', '2019-10-22 10:17:42', '2019-10-22', 'CAUTION DEPOSIT RS18000,FREIGHT CHARGES RS14990,MDU DIWALI INNAM RS54000,TVL DIWALI INNAM RS263000 ', '', 349990.00, NULL, 0.00, NULL, 0.00, NULL, 0.00, 349990.00, 'kaliraj', 'http://192.168.0.55:5000/_uploads/photos/Diwali_innam_Oct19_tvl.xlsx', NULL, 'A', 'R', 'ram', NULL, 0, 0, 349990.00, ''),
(254, 'kaliraj', 4, 1147, 19, 'S/40', '2019-10-22 12:06:57', '2019-10-22', 'REFUND RS1700', 'URGENT', 1700.00, NULL, 0.00, NULL, 0.00, NULL, 0.00, 1700.00, 'kaliraj', 'http://192.168.0.55:5000/_uploads/photos/REFUND-TVL_1.xlsx', NULL, 'A', 'O', 'ram', 'Q', 0, 0, 1700.00, ''),
(255, 'kaliraj', 6, 1147, 19, 'N-59', '2019-10-22 13:41:19', '2019-10-22', 'Refund', 'patient refund  11 nos  amount rs 38040.00', 38040.00, NULL, 0.00, NULL, 0.00, NULL, 0.00, 38040.00, 'kaliraj', 'http://192.168.0.55:5000/_uploads/photos/REFUND_SHABAN_BABUOTHER_REFUND_22.10.2019.xlsx', NULL, 'A', 'O', 'murugan', 'Q', 0, 0, 38040.00, ''),
(256, 'ac001', 6, 1147, 28, 'N-50', '2019-10-22 16:46:28', '2019-10-22', 'Eb  airtel&other payment', 'Education&eb&airtel payment  amount  rs 31726.00', 31726.00, NULL, 0.00, NULL, 0.00, NULL, 0.00, 31726.00, 'guru', 'http://192.168.0.55:5000/_uploads/photos/AIRTEL_KORAMANGALAOTHER_PAYMENT_22.10.19.xlsx', NULL, NULL, 'R', 'murugan', NULL, 0, 0, 31726.00, NULL),
(257, 'ac001', 6, 1147, 28, 'N-60', '2019-10-22 16:57:32', '2019-10-22', 'Education&eb&airtel', 'Education&eb&airtel  amount rs 31726.00', 31726.00, NULL, 0.00, NULL, 0.00, NULL, 0.00, 31726.00, 'ganesan', 'http://192.168.0.55:5000/_uploads/photos/AIRTEL_KORAMANGALAOTHER_PAYMENT_22.10.19_1.xlsx', NULL, NULL, 'R', 'murugan', NULL, 0, 0, 31726.00, NULL),
(258, 'ac001', 6, 1147, 28, 'N-61', '2019-10-22 18:55:22', '2019-10-22', 'Staff incentive', 'staff incentive amount rs 297454.00', 297454.00, NULL, 0.00, NULL, 0.00, NULL, 0.00, 297454.00, 'ganesan', 'http://192.168.0.55:5000/_uploads/photos/PERF_INCENT_SEP2019_-22.10.19_-_Copy.xlsx', NULL, NULL, 'O', 'murugan', NULL, 0, 0, 297454.00, NULL),
(259, 'ac001', 4, 1147, 21, 'S/41', '2019-10-23 09:52:46', '2019-10-23', 'MAINT S BALAJI ADVANCE RS15000', 'URGENT', 15000.00, NULL, 0.00, NULL, 0.00, NULL, 0.00, 15000.00, 'ganesan', 'http://192.168.0.55:5000/_uploads/photos/TVL-MAINT_BALAJI.xlsx', NULL, NULL, 'O', 'ram', 'Q', 0, 0, 15000.00, NULL);

-- --------------------------------------------------------

--
-- Table structure for table `user`
--

CREATE TABLE `user` (
  `id` int(11) NOT NULL,
  `username` varchar(30) DEFAULT NULL,
  `password` varchar(30) DEFAULT NULL
) ENGINE=InnoDB DEFAULT CHARSET=latin1;

-- --------------------------------------------------------

--
-- Table structure for table `user_master`
--

CREATE TABLE `user_master` (
  `user_code` varchar(10) NOT NULL,
  `Username` varchar(30) DEFAULT NULL,
  `Password` varchar(20) DEFAULT NULL,
  `branchcode` varchar(30) DEFAULT NULL,
  `designationcode` varchar(30) DEFAULT NULL,
  `departmentcode` varchar(30) DEFAULT NULL,
  `user_level` int(11) DEFAULT NULL
) ENGINE=InnoDB DEFAULT CHARSET=latin1;

--
-- Dumping data for table `user_master`
--

INSERT INTO `user_master` (`user_code`, `Username`, `Password`, `branchcode`, `designationcode`, `departmentcode`, `user_level`) VALUES
('ac001', 'Accounts Manager', 'ac001', '1', '2', '2', 3),
('ad001', 'admin', 'admin', '1', '1', '1', 0),
('alagiri', 'Alagiri', 'alagiri', '1', '1', '11', 1),
('arun', 'Dr.Arun', 'arun', '1', '6', '12', 5),
('balaji', 'Balaji', 'balaji', '1', '5', '6', 1),
('fm001', 'Finance Manager', 'fm001', '1', '3', '3', 3),
('ga001', 'Ganesan', 'ga001', '4', '5', '2', 1),
('ganesan', 'Ganeshan', 'ganesan', '1', '5', '3', 4),
('govind', 'Govindarajan', 'govind', '1', '5', '2', 1),
('guru', 'Guruswamy', 'guru', '1', '1', '2', 2),
('Itkarthick', 'karthick-IT', 'karthick', '1', '5', '4', 1),
('jayakumar', 'Jayakumar', 'jayakumar', '4', '5', '2', 1),
('ka001', 'Kaliraj', 'ka001', '4', '5', '2', 1),
('kali', 'Kali Raj', 'kali', '1', '1', '3', 4),
('kaliraj', 'Mr KaliRaj', 'kaliraj', '4', '5', '2', 5),
('karthick', 'karthick', 'karthick', '1', '5', '4', 1),
('murugan', 'Murugan', 'murugan', '1', '5', '5', 1),
('ra001', 'Rajesh', 'ra001', '1', '2', '2', 1),
('rajkumar', 'Rajkumar', 'rajkumar', '1', '5', '2', 1),
('ram', 'Ramkumar', 'ram', '4', '7', '11', 1),
('ramu', 'Ramamoorthy', 'ramu', '1', '5', '7', 1),
('reddy', 'Reddy', 'reddy', '1', '5', '7', 1),
('sa001', 'Sathyapriya', 'sa001', '1', '3', '3', 1),
('Siva', 'SivaPrabhu', 'siva', '1', '5', '8', 1),
('srini', 'Srinivasan - IT', 'srini', '1', '4', '4', 0),
('srini007', 'Srinivasan', 'srini', '1', '4', '4', 1),
('su001', 'Subramanian', 'su001', '1', '1', '2', 2),
('subu', 'subramanian', 'subu', '4', '5', '2', 1),
('sudhakar', 'Sudhakar', 'sudhakar', '1', '5', '11', 1),
('surya', 'Suryanarayanan', 'surya', '1', '5', '5', 1),
('test2', 'Vicky2', 'vicky', '6', '6', '5', 2),
('vic001', 'Vicky', 'vicky', '6', '5', '1', 1),
('vishnu', 'Vishnu Sankar', 'vishnu', '1', '5', '10', 1),
('vishnua', 'Vishnu Admin', 'vishnua', '1', '5', '10', 0);

-- --------------------------------------------------------

--
-- Table structure for table `vendor_master`
--

CREATE TABLE `vendor_master` (
  `vendor_code` int(11) NOT NULL,
  `code_no` varchar(30) DEFAULT NULL,
  `vendor_name` varchar(50) DEFAULT NULL,
  `vendor_city` varchar(30) DEFAULT NULL,
  `vendor_state` varchar(30) DEFAULT NULL,
  `bank_name` varchar(30) DEFAULT NULL,
  `beneficiary_code` varchar(30) DEFAULT NULL,
  `beneficiary_name` varchar(30) DEFAULT NULL,
  `ifsc_code` varchar(30) DEFAULT NULL,
  `customer_ref_no` varchar(30) DEFAULT NULL,
  `pan_no` varchar(30) DEFAULT NULL,
  `invoice_code` int(11) NOT NULL
) ENGINE=InnoDB DEFAULT CHARSET=latin1;

--
-- Dumping data for table `vendor_master`
--

INSERT INTO `vendor_master` (`vendor_code`, `code_no`, `vendor_name`, `vendor_city`, `vendor_state`, `bank_name`, `beneficiary_code`, `beneficiary_name`, `ifsc_code`, `customer_ref_no`, `pan_no`, `invoice_code`) VALUES
(5, 'N 021', 'ARUN PHARMA AND SURGICALS    ', NULL, NULL, NULL, '067813023763', NULL, 'BKDN0620678', NULL, NULL, 0),
(6, 'N 040', 'AMIT SINGA ROY', NULL, NULL, NULL, '11652145750', NULL, 'SBIN000098', NULL, NULL, 0),
(8, 'N 049', 'ASIAN REPROGRAPHIC', NULL, NULL, NULL, '345010200004015', NULL, 'UTIB0000345', NULL, NULL, 0),
(9, 'N 057', 'ANBALAGAN K S', NULL, NULL, NULL, '10239348769', NULL, 'SBIN0003306', NULL, NULL, 0),
(10, 'N 061', 'APOLLO TELERADIOLOGY', NULL, NULL, NULL, '107511100001565', NULL, 'ANDB0001075', NULL, NULL, 0),
(11, 'N 079&116', 'A ALAGARSAMY', NULL, NULL, NULL, '2628101010913', NULL, 'CNRB0002628', NULL, NULL, 0),
(12, 'N 085', 'AARTHI SCANS P LTD T M B 800360', NULL, NULL, NULL, '', NULL, '', NULL, NULL, 0),
(13, 'N 127', 'AARTHI DIAGNOSTICS', NULL, NULL, NULL, '26440200000338', NULL, 'BARB0PBBANN', NULL, NULL, 0),
(14, 'N 065', ' AARTHI (HDFC )  G', NULL, NULL, NULL, '12971140005283', NULL, 'HDFC', NULL, NULL, 0),
(15, 'N 123', 'AGFA HEALTHCARE ', NULL, NULL, NULL, '030803811001', NULL, 'HSBC0400002', NULL, NULL, 0),
(16, 'N 154', 'AIRCOOL CENTRE', NULL, NULL, NULL, '0112073000010400', NULL, 'SIBL0000112', NULL, NULL, 0),
(17, 'N 166', 'AIRTEK MEDICAL PRODUCTS', NULL, NULL, NULL, '01010500000741', NULL, 'UCBA0000101', NULL, NULL, 0),
(18, 'N 168', 'A K TRADERS', NULL, NULL, NULL, '917020038903961', NULL, 'UTIB0001714', NULL, NULL, 0),
(19, 'N 178', 'ANANDHARAJ( PROMOTION CHARGES)', NULL, NULL, NULL, '6327180965', NULL, 'IDIB000T161', NULL, NULL, 0),
(20, 'N 181', 'ABDUL RAZAK (JAYANAGAR)', NULL, NULL, NULL, '914010051661679', NULL, 'UTIB0001688', NULL, NULL, 0),
(21, 'N 186', 'AKSHAY MEETAL (RENT -PORUR)', NULL, NULL, NULL, '30804348430', NULL, 'SBIN0001857', NULL, NULL, 0),
(22, 'N 240', ' A K  PRINTERS', NULL, NULL, NULL, '913020009168702', NULL, 'UTIB0001714', NULL, NULL, 0),
(23, 'N 247', 'ATLANTIC GLOBAL INDIA LTD', NULL, NULL, NULL, '04242180000048', NULL, 'KKBK000024', NULL, NULL, 0),
(24, 'N 253', 'ANANTHARAJAN (REFUND )', NULL, NULL, NULL, '50040128942', NULL, 'ALLA0211881', NULL, NULL, 0),
(25, 'N 267', 'AARTHI SCANS P LTD  KOTAK MAHENDRA', NULL, NULL, NULL, '8311749960', NULL, 'KKBK0000466', NULL, NULL, 0),
(26, 'N 276', 'AMEER ALI K M ', NULL, NULL, NULL, '354701000000897', NULL, 'IOBA0003547', NULL, NULL, 0),
(27, 'N 285', 'ANANTHI EDUCATION COACH', NULL, NULL, NULL, '117001000927305', NULL, 'CIUB0000117', NULL, NULL, 0),
(28, 'N 300', 'AVANTEC LABORATORIES', NULL, NULL, NULL, '980042', NULL, 'RATN0000113', NULL, NULL, 0),
(29, 'N 306', 'ANNADURAI (DRIVER BATA )', NULL, NULL, NULL, '2504131000926', NULL, 'CNRB0002504', NULL, NULL, 0),
(30, 'N 308', 'AADHAVAN ENTERPRISES', NULL, NULL, NULL, '205150050800481', NULL, 'TMBL0000205', NULL, NULL, 0),
(31, 'N 299', 'ARAVIND MANIKANDAN', NULL, NULL, NULL, '231010007835', NULL, 'KKBK0008081', NULL, NULL, 0),
(32, 'N 252', 'DR AHMED HASSAN SAMSUDEEN', NULL, NULL, NULL, '603801520593', NULL, 'ICIC0006038', NULL, NULL, 0),
(33, 'N 327', 'ACCENT HEALTH CARE', NULL, NULL, NULL, '234905500092', NULL, 'ICIC0002349', NULL, NULL, 0),
(34, 'N 348', 'ANAND ENTERPRISES', NULL, NULL, NULL, '6274185778', NULL, 'IDIB000S082', NULL, NULL, 0),
(35, 'N 370', 'ABDUL MUBARAK(PALEO STALL)', NULL, NULL, NULL, '610754137', NULL, 'IDIB000P137', NULL, NULL, 0),
(36, 'N 371', 'ANDREW (PROMOTIONAL CHARGES)', NULL, NULL, NULL, '058001507041', NULL, 'ICIC0000580', NULL, NULL, 0),
(37, 'N 360', 'ALLENGERS GLOBAL HEALTHCARE', NULL, NULL, NULL, '01072320004472', NULL, 'HDFC', NULL, NULL, 0),
(38, 'N 155', 'ARIHANT INDUSTRIAL ', NULL, NULL, NULL, '800327100000502', NULL, 'BKID0008003', NULL, NULL, 0),
(39, 'N 382', 'AMUDHA ENTERPRISES', NULL, NULL, NULL, '179002000000400', NULL, 'IOBA0001790', NULL, NULL, 0),
(40, 'N 420', 'A ONE ENTERPRISES', NULL, NULL, NULL, '0429351000005808', NULL, 'LAVB0000429', NULL, NULL, 0),
(41, 'N 162', 'A K ASSOCIATES', NULL, NULL, NULL, '912020065205561', NULL, 'UTIB0001714', NULL, NULL, 0),
(42, 'N 391', 'AMANSH HEALTHCARE P LTD', NULL, NULL, NULL, '615205041271', NULL, 'ICIC0006152', NULL, NULL, 0),
(43, 'N 894', 'ANNADURAI TAMBARAM  NIGHT TEA EXP', NULL, NULL, NULL, '', NULL, '', NULL, NULL, 0),
(44, 'N 427', 'ARULRAJ', NULL, NULL, NULL, '', NULL, '', NULL, NULL, 0),
(45, 'N 440', 'AMANSH HEALTHCARE PVT LTD', NULL, NULL, NULL, '', NULL, '', NULL, NULL, 0),
(46, 'N 449', 'AROKIYA NALAVALZHU', NULL, NULL, NULL, '', NULL, '', NULL, NULL, 0),
(47, 'N 455', 'AMERICAN INSTITUTE OF PATHOLOGY', NULL, NULL, NULL, '', NULL, '', NULL, NULL, 0),
(48, 'N 482', 'AARTHI SCANS  MADURAI', NULL, NULL, NULL, '', NULL, '', NULL, NULL, 0),
(49, 'N 492', 'ALL TECH MEDI EQUIP CARE', NULL, NULL, NULL, '', NULL, '', NULL, NULL, 0),
(50, 'N 509', 'ANN DIAGNOSTICS', NULL, NULL, NULL, '', NULL, '', NULL, NULL, 0),
(51, 'N 544', 'ALLWIN PRINTS', NULL, NULL, NULL, '', NULL, '', NULL, NULL, 0),
(52, 'N 550', 'ANITHA (FRANCHISE ANNANAGAR)', NULL, NULL, NULL, '', NULL, '', NULL, NULL, 0),
(53, 'N 559', 'A K ENTERPRISES', NULL, NULL, NULL, '', NULL, '', NULL, NULL, 0),
(54, 'N 569', 'AKASH CABLE CORPORATION', NULL, NULL, NULL, '', NULL, '', NULL, NULL, 0),
(55, 'N 582', 'ADITI ADVERTISING', NULL, NULL, NULL, '', NULL, '', NULL, NULL, 0),
(56, 'N 584', 'ARKRAY HEALTH CARE P LTD', NULL, NULL, NULL, '', NULL, '', NULL, NULL, 0),
(57, 'N 591', 'ABEX TOPOMAPPERS INDIA LLP', NULL, NULL, NULL, '', NULL, '', NULL, NULL, 0),
(58, 'N 592', 'ARMEL ARBUTHA SIVARAJAN', NULL, NULL, NULL, '', NULL, '', NULL, NULL, 0),
(59, 'N 596', 'ARUN PRAKASH B', NULL, NULL, NULL, '', NULL, '', NULL, NULL, 0),
(60, 'N 599', 'ATOM PROTO SOLUTIONS', NULL, NULL, NULL, '', NULL, '', NULL, NULL, 0),
(61, 'N 600', 'ABHISHEIK N', NULL, NULL, NULL, '', NULL, '', NULL, NULL, 0),
(62, 'N 615', 'ADINNOVO MARKETING SOLUTIONS', NULL, NULL, NULL, '', NULL, '', NULL, NULL, 0),
(63, 'N 630', 'ANNAI ENTERPRISES', NULL, NULL, NULL, '', NULL, '', NULL, NULL, 0),
(64, 'N 643', 'ATHENSE DX PVT LTD', NULL, NULL, NULL, '', NULL, '', NULL, NULL, 0),
(65, 'N 676', 'AANJAN PATH LABS', NULL, NULL, NULL, '', NULL, '', NULL, NULL, 0),
(66, 'N 724', 'ASSOCIATE BROAD CASTING COM', NULL, NULL, NULL, '', NULL, '', NULL, NULL, 0),
(67, 'N 726', 'ANBU ILLAM', NULL, NULL, NULL, '', NULL, '', NULL, NULL, 0),
(68, 'N 741', 'ALEX AND ARMS', NULL, NULL, NULL, '', NULL, '', NULL, NULL, 0),
(69, 'N 744', 'ANILKUMAR(ALUMINIUM GLASS WORK)', NULL, NULL, NULL, '', NULL, '', NULL, NULL, 0),
(70, 'N 750', 'AGAPPE DIAGNOSTICS LTD', NULL, NULL, NULL, '', NULL, '', NULL, NULL, 0),
(71, 'N 778', 'ASPEN DIAGNOSTICS P LTD', NULL, NULL, NULL, '', NULL, '', NULL, NULL, 0),
(72, 'N 794', 'A ONE ADVERTISING', NULL, NULL, NULL, '', NULL, '', NULL, NULL, 0),
(73, 'N 800', 'ALFIT', NULL, NULL, NULL, '', NULL, '', NULL, NULL, 0),
(74, 'N 801', 'APPLE ADVERTISING', NULL, NULL, NULL, '', NULL, '', NULL, NULL, 0),
(75, 'N 804', 'AIM ELEVATORE LIFT MAINTANCE', NULL, NULL, NULL, '', NULL, '', NULL, NULL, 0),
(76, 'N 811', 'ACE ASSOCIATES', NULL, NULL, NULL, '', NULL, '', NULL, NULL, 0),
(77, 'N 827', 'ATLAS ENTERPRISES', NULL, NULL, NULL, '', NULL, '', NULL, NULL, 0),
(78, 'N 853', 'ANTONYSAMY (BLR  EGG&CHICKEN)', NULL, NULL, NULL, '', NULL, '', NULL, NULL, 0),
(79, 'N 860', 'ANNADURAI PREMA   TAMBARAM', NULL, NULL, NULL, '', NULL, '', NULL, NULL, 0),
(80, 'N 878', 'ASHOK KUMAR-OLD COMPUTER SALES', NULL, NULL, NULL, '', NULL, '', NULL, NULL, 0),
(81, 'N 882', 'A A HELIX INTERIER DESIGNER', NULL, NULL, NULL, '', NULL, '', NULL, NULL, 0),
(82, 'N 884', 'ANANDAVEL CIVIL WORK -ANANDAVEL', NULL, NULL, NULL, '', NULL, '', NULL, NULL, 0),
(83, 'N 906', 'ALUJAYA DENTAL CARE-V NETHAJI', NULL, NULL, NULL, '', NULL, '', NULL, NULL, 0),
(93, 'N 326', 'BLACK PERAL VENDING', NULL, NULL, NULL, '913020033426322', NULL, 'UTIB0001565', NULL, NULL, 0),
(94, 'N 027', 'BEST SURGICALS', NULL, NULL, NULL, '433552960', NULL, 'IDIB000V023', NULL, NULL, 0),
(95, 'N 066', 'BHUVANESWARI (RENT )', NULL, NULL, NULL, '06012500003766', NULL, 'DCBL0000060', NULL, NULL, 0),
(96, 'N 067', ' BALAKRISHNAN  N  (VEHICLE MAINT )', NULL, NULL, NULL, '60452010008542', NULL, 'SYNB0006045', NULL, NULL, 0),
(97, 'N 084', 'BRIGHT TRADING CO', NULL, NULL, NULL, '0300102000017170', NULL, 'IBKL0000300', NULL, NULL, 0),
(98, 'N 113', 'BRIGHT RAY PRODUCTION', NULL, NULL, NULL, '801420110000944', NULL, 'BKID0008014', NULL, NULL, 0),
(99, 'N 129', 'BLUE SPHERE IT SERVICE', NULL, NULL, NULL, '200999586565', NULL, 'INDB0000167', NULL, NULL, 0),
(100, 'N 140', 'BIO MIC INC', NULL, NULL, NULL, '611701010050245', NULL, 'UBIN0561179', NULL, NULL, 0),
(101, 'N 192', 'B R D MAX', NULL, NULL, NULL, '2722261000013', NULL, 'CNRB0002722', NULL, NULL, 0),
(102, 'N 206', 'BINNY LAWRENCE (RENT )', NULL, NULL, NULL, '0718104000099703', NULL, 'IBKL0001619', NULL, NULL, 0),
(103, 'N 207', 'BEGY LAWRENCE (RENT )', NULL, NULL, NULL, '14440100000712', NULL, 'FORL0001444', NULL, NULL, 0),
(104, 'N 243', ' BUDDHA   DR', NULL, NULL, NULL, '05320100009631', NULL, 'BARB0THEAGA', NULL, NULL, 0),
(105, 'N 258', ' BALAMURUGAN  S(SIDHAMINFO)', NULL, NULL, NULL, '20046893149', NULL, 'SBIN0003870', NULL, NULL, 0),
(106, 'N 265', 'BARUN DAS BAIRAGYA', NULL, NULL, NULL, '917010023725449', NULL, 'UTIB0000045', NULL, NULL, 0),
(107, 'N 279', 'BALAMURUGAN CHETTI NADU HOTEL', NULL, NULL, NULL, '0684053000000432', NULL, 'SIBL0000684', NULL, NULL, 0),
(108, 'N 193', ' BALAN     V  P (TEA EXP-VADAPALANI )', NULL, NULL, NULL, '0510053000002538', NULL, 'SIBL0000510', NULL, NULL, 0),
(109, 'N 052', 'M N BABU (RENT )', NULL, NULL, NULL, '29900100005753', NULL, 'BARBOVADAPA', NULL, NULL, 0),
(110, 'N 347', 'BLUE SPHERE (MOHAN )', NULL, NULL, NULL, '750116507', NULL, 'IDIB000T082', NULL, NULL, 0),
(111, 'N 343', 'BLUE STAR LTD ', NULL, NULL, NULL, '041401233001', NULL, 'HSBC0600002', NULL, NULL, 0),
(112, 'N 367', 'BIO DIAGNOSTICS', NULL, NULL, NULL, '10710536904', NULL, 'SBIN0001444', NULL, NULL, 0),
(113, 'N 156', 'B TREE TECHNOLOGIES', NULL, NULL, NULL, '1289135000002901', NULL, 'KVBL0001289', NULL, NULL, 0),
(114, 'N 420', 'BIO TECH', NULL, NULL, NULL, '10710429948', NULL, 'SBIN0001444', NULL, NULL, 0),
(115, 'N 390', 'BALAMURUGAN (CALIBER TECH)', NULL, NULL, NULL, '20046893149', NULL, 'SBIN0003870', NULL, NULL, 0),
(116, 'N 400', 'BNI ADVANTAGE NETWORK LTD', NULL, NULL, NULL, '00762560002882', NULL, 'HDFC', NULL, NULL, 0),
(117, 'N 407', 'DR A V BALASUBRAMANIAM', NULL, NULL, NULL, '20089826490', NULL, 'SBIN0014160', NULL, NULL, 0),
(118, 'N 411', 'BNB TECHNOLOGIES', NULL, NULL, NULL, '915020057361087', NULL, 'UTIB0000515', NULL, NULL, 0),
(119, 'N 431', 'BALA NITHYANANDAN BALA LAKSHMI', NULL, NULL, NULL, '', NULL, '', NULL, NULL, 0),
(120, 'N 439', 'BENSON MEDICAL DEVICES', NULL, NULL, NULL, '', NULL, '', NULL, NULL, 0),
(121, 'N 494', 'BALAMURUGAN  WIN NETWORK', NULL, NULL, NULL, '', NULL, '', NULL, NULL, 0),
(122, 'N 508', 'BALAN G', NULL, NULL, NULL, '', NULL, '', NULL, NULL, 0),
(123, 'N 552', 'BANU PRIYA(SRI AKILANDESWARI ELECTRICALS)', NULL, NULL, NULL, '', NULL, '', NULL, NULL, 0),
(124, 'N 553', 'BIO SCIENTIFIS SOLUTIONS', NULL, NULL, NULL, '', NULL, '', NULL, NULL, 0),
(125, 'N 567', 'BALACHANDRAN(MARKETING EXP)', NULL, NULL, NULL, '', NULL, '', NULL, NULL, 0),
(126, 'N 576', 'BNI ADDVANTAGE NET WORK LLP', NULL, NULL, NULL, '', NULL, '', NULL, NULL, 0),
(127, 'N 585', 'BHARAT DIESEL SALES &SERVICE', NULL, NULL, NULL, '', NULL, '', NULL, NULL, 0),
(128, 'N 587', 'BIO WIN INC', NULL, NULL, NULL, '', NULL, '', NULL, NULL, 0),
(129, 'N 593', 'BEST IMAGE', NULL, NULL, NULL, '', NULL, '', NULL, NULL, 0),
(130, 'N 673', 'BAKYALAKSHMI (RENT)', NULL, NULL, NULL, '', NULL, '', NULL, NULL, 0),
(131, 'N 699', 'BPL MEDICAL LABARATORIES', NULL, NULL, NULL, '', NULL, '', NULL, NULL, 0),
(132, 'N705', 'BIO ROD LABARATORIES INDIA P LTD', NULL, NULL, NULL, '', NULL, '', NULL, NULL, 0),
(133, 'N 752', 'BANGALORE PETROCARD', NULL, NULL, NULL, '', NULL, '', NULL, NULL, 0),
(134, 'N 755', 'BHARATH ENTERPRISES', NULL, NULL, NULL, '', NULL, '', NULL, NULL, 0),
(135, 'N 783', 'BHAWANI PLYWOOD AND LAMINATES', NULL, NULL, NULL, '', NULL, '', NULL, NULL, 0),
(136, 'N 825', 'BALA LAKSHMI BAI', NULL, NULL, NULL, '917010079893471', NULL, 'UTIB0000209', NULL, NULL, 0),
(137, 'N 838', 'BECKMAN COULTER INDIA P LTD', NULL, NULL, NULL, '0520383018', NULL, 'CITI0100000', NULL, NULL, 0),
(138, 'N 856', 'BALACHANDRAN(VLC BOYS HOSTEL)', NULL, NULL, NULL, '', NULL, '', NULL, NULL, 0),
(139, 'N 897', 'B R S ENTERPRISES', NULL, NULL, NULL, '', NULL, '', NULL, NULL, 0),
(150, 'N 171', 'CURA HEALTH CARE (P) LTD', NULL, NULL, NULL, '63049216971', NULL, 'SBIN0013241', NULL, NULL, 0),
(151, 'N 058', 'CHARLES KENNADY', NULL, NULL, NULL, '15360100000810', NULL, 'FDRL0001536', NULL, NULL, 0),
(152, 'N 095', 'CLINISYS MEDICAL SYSTEMS', NULL, NULL, NULL, '915020017017076', NULL, 'UTIB0001885', NULL, NULL, 0),
(153, 'N 136', 'CHAYAGRAPHICS HEALTHCARE ', NULL, NULL, NULL, '64186222174', NULL, 'SBIN0040297', NULL, NULL, 0),
(154, 'N 138', 'CALIBER TECH', NULL, NULL, NULL, '34827284399', NULL, 'SBIN0015984', NULL, NULL, 0),
(155, 'N 163', 'CHENNAI NON WOVEN ', NULL, NULL, NULL, '2665261000001', NULL, 'CNRB0002665', NULL, NULL, 0),
(156, 'N 165&224', 'CARESTREAM HEALTH INDIA', NULL, NULL, NULL, '16336009', NULL, 'CITI0100000', NULL, NULL, 0),
(157, 'N 191', 'COMPUTER WAVES', NULL, NULL, NULL, '113109000187874', NULL, 'CIUB0000113', NULL, NULL, 0),
(158, 'N 197', 'CLEMENT MATHIOS', NULL, NULL, NULL, '130101010007629', NULL, 'VIJB0001301', NULL, NULL, 0),
(159, 'N 221', 'CLASSIC DIAGNOSTICS', NULL, NULL, NULL, '008150050801010', NULL, 'TMBL0000008', NULL, NULL, 0),
(160, 'N 225', 'CLEAR TOUCH CONNECT P LTD', NULL, NULL, NULL, '916020052616512', NULL, 'UTIB0001224', NULL, NULL, 0),
(161, 'N 237', 'CHIDAMBARAM ELECTRICIAN', NULL, NULL, NULL, '20251859807', NULL, 'SBIN0000859', NULL, NULL, 0),
(162, 'N 242', 'CENTRALAB HEALTHCARE SERVICES', NULL, NULL, NULL, '974614128', NULL, 'IDIB000R018', NULL, NULL, 0),
(163, 'N 260', 'CRYTAL HR AND SECURITY', NULL, NULL, NULL, '911020056498210', NULL, 'UTIB0000014', NULL, NULL, 0),
(164, 'N 280', 'CHAAN BASHA (SILVER SIGN &DESIGNS )', NULL, NULL, NULL, '120202424579', NULL, 'SBIN00604', NULL, NULL, 0),
(165, 'N 304', 'CARDIO CONSUMABLES P LTD', NULL, NULL, NULL, '062231100000265', NULL, 'ANDB0000622', NULL, NULL, 0),
(166, 'N 309', 'CLICK CORPORATE SOLUTIONS', NULL, NULL, NULL, '803920110000156', NULL, 'BKID0008039', NULL, NULL, 0),
(167, 'N 313', 'CHANDRAN (DRIVER BATA)', NULL, NULL, NULL, '164101000009871', NULL, 'IOBA0001641', NULL, NULL, 0),
(168, 'N 323', 'CHAYAGRAPHICS HEALTH CARE P LTD', NULL, NULL, NULL, '64186222174', NULL, 'SBIN0040297', NULL, NULL, 0),
(169, 'N 399', 'VASANTHAN', NULL, NULL, NULL, '60452010027994', NULL, 'SYNB0006050', NULL, NULL, 0),
(170, 'N 394', 'CHENNAI TRADERS', NULL, NULL, NULL, '05742000000768', NULL, 'HDFC', NULL, NULL, 0),
(171, 'N 461', 'CARDIO CONNEXTION', NULL, NULL, NULL, '', NULL, '', NULL, NULL, 0),
(172, 'N 451', 'CHAIN SOLUTIONS P LTD', NULL, NULL, NULL, '', NULL, '', NULL, NULL, 0),
(173, 'N 473', 'C P S SCIENTIFIC CORPORATION', NULL, NULL, NULL, '', NULL, '', NULL, NULL, 0),
(174, 'N 477', 'CLITERAN GABRICLI', NULL, NULL, NULL, '', NULL, '', NULL, NULL, 0),
(175, 'N 517', 'CHOLA DRUG AND SURGICALS', NULL, NULL, NULL, '', NULL, '', NULL, NULL, 0),
(176, 'N 534', 'CHOKSI IMAGING LIMITED', NULL, NULL, NULL, '', NULL, '', NULL, NULL, 0),
(177, 'N 535', 'CONSUL NEOWATT POWER SOLUTION', NULL, NULL, NULL, '', NULL, '', NULL, NULL, 0),
(178, 'N 579', 'CAMTEL SOLUTIONS', NULL, NULL, NULL, '', NULL, '', NULL, NULL, 0),
(179, 'N 583', 'CHENNAI HEALTH CARE', NULL, NULL, NULL, '', NULL, '', NULL, NULL, 0),
(180, 'N 601', 'CHERRI TECHNOLOGIES', NULL, NULL, NULL, '', NULL, '', NULL, NULL, 0),
(181, 'N 613', 'CHOCKALINGAM (CHRUCH BUILDING)', NULL, NULL, NULL, '', NULL, '', NULL, NULL, 0),
(182, 'N 642', 'CENERNT BIO MEDICALS', NULL, NULL, NULL, '', NULL, '', NULL, NULL, 0),
(183, 'N 731', 'CARESTREAM DENTAL INDIA P LTD', NULL, NULL, NULL, '', NULL, '', NULL, NULL, 0),
(184, 'N 733', 'CARESTREAM HEALTH INDIA P LTD', NULL, NULL, NULL, '', NULL, '', NULL, NULL, 0),
(185, 'N 742', 'COMPRESSOR POINT', NULL, NULL, NULL, '', NULL, '', NULL, NULL, 0),
(186, 'N 748', 'CHENNAI PETROCARD BPCL', NULL, NULL, NULL, '', NULL, '', NULL, NULL, 0),
(187, 'N 757', 'CREA CONCEPTIONS P LTD', NULL, NULL, NULL, '', NULL, '', NULL, NULL, 0),
(188, 'N 791', 'CHITRA EDUCATION COACH FEES', NULL, NULL, NULL, '', NULL, '', NULL, NULL, 0),
(189, 'N 816', 'CLASSIC INTERIER SOLUTIONS', NULL, NULL, NULL, '', NULL, '', NULL, NULL, 0),
(198, '', 'DEVARAJ REPROGRAPHIC INDUSTRIES - HDFC', NULL, NULL, NULL, '50200022101382', NULL, 'HDFC', NULL, NULL, 0),
(199, 'N 042', 'DEBDAS BHADRA', NULL, NULL, NULL, '25121000004527', NULL, 'HDFC', NULL, NULL, 0),
(200, 'N 045', 'DARSHINI ENTERPRISES', NULL, NULL, NULL, '', NULL, '', NULL, NULL, 0),
(201, 'N 088', 'DAISY HEALTH CARE', NULL, NULL, NULL, '1289135000083814', NULL, 'KVBL0001289', NULL, NULL, 0),
(202, 'N 140', 'DHANALAKSHMI (SWEEPER -CORPORATION', NULL, NULL, NULL, '32231600928', NULL, 'SBIN0003689', NULL, NULL, 0),
(203, 'N 183', 'D C ENTERPRISES', NULL, NULL, NULL, '139109000211301', NULL, 'CIUB0000139', NULL, NULL, 0),
(204, 'N 187', 'DURGA PRASAD REDDY  B ( RENT-TAMBARAM)', NULL, NULL, NULL, '008701000021261', NULL, 'IOBA0000087', NULL, NULL, 0),
(205, 'N 201', 'DIAL 4 SMS TECHNOLOGIES INDIA', NULL, NULL, NULL, '35579968983', NULL, 'SBIN0011604', NULL, NULL, 0),
(206, 'N 205', 'D P S COMPUTER', NULL, NULL, NULL, '196301601000189', NULL, 'CORP0001963', NULL, NULL, 0),
(207, '', 'DEEPTHI LAWRENCE (MAIN )', NULL, NULL, NULL, '', NULL, '', NULL, NULL, 0),
(208, 'N 214', 'DEEPTHI BINNY', NULL, NULL, NULL, '14440100007204', NULL, 'FDRL0001444', NULL, NULL, 0),
(209, 'N 228', 'DEEPAK ENGINEERING WORKS', NULL, NULL, NULL, '130802000001515', NULL, 'IOBA0001308', NULL, NULL, 0),
(210, 'N 244', 'D E HEALTHCARE  P LTD', NULL, NULL, NULL, '5121200200002823', NULL, 'CIUB0000151', NULL, NULL, 0),
(211, 'N 286', 'DHARANI KUMAR CME PROGRAM', NULL, NULL, NULL, '174401000006850', NULL, 'IOBA0001744', NULL, NULL, 0),
(212, 'N 288', 'DEVARAJ REPROGRAPHIC INDUSTRIES /MANCO', NULL, NULL, NULL, '50200000712228', NULL, 'HDFC', NULL, NULL, 0),
(213, 'N 296', 'DIAKIN AIR CONDITIONING INDIA', NULL, NULL, NULL, '52205551625', NULL, 'SCBL0036020', NULL, NULL, 0),
(214, 'N 257', 'DHIVYANGA ENTERPRISES', NULL, NULL, NULL, '443605311', NULL, 'IDIB000T044', NULL, NULL, 0),
(215, 'N 092', 'DEVARAJ REPROGRAPHIC INDUSTRIES - INDB', NULL, NULL, NULL, '650014035310', NULL, 'INDB0000007', NULL, NULL, 0),
(216, 'N 532', 'DHARSHINI ASSOCIATES', NULL, NULL, NULL, '', NULL, '', NULL, NULL, 0),
(217, 'N 548', 'DINESH PRABHU KUMAR (FRANCHISE)', NULL, NULL, NULL, '', NULL, '', NULL, NULL, 0),
(218, 'N 549', 'DEEPIKA SHARMA(FRANCHISE)', NULL, NULL, NULL, '', NULL, '', NULL, NULL, 0),
(219, 'N 572', 'DILIP (BANGALORE)', NULL, NULL, NULL, '', NULL, '', NULL, NULL, 0),
(220, 'N 581', 'DE HOIST AND INSTRUMENTS', NULL, NULL, NULL, '', NULL, '', NULL, NULL, 0),
(221, 'N 628', 'DHANALAKSHMI SYSTEMS AND SERVICES', NULL, NULL, NULL, '', NULL, '', NULL, NULL, 0),
(222, 'N 672', 'DAVID RAJ', NULL, NULL, NULL, '', NULL, '', NULL, NULL, 0),
(223, 'N 764', 'DIAMED SYSTEMS', NULL, NULL, NULL, '', NULL, '', NULL, NULL, 0),
(224, 'N 767', 'DHL EXPRESS INDIA P LTD', NULL, NULL, NULL, '', NULL, '', NULL, NULL, 0),
(225, 'N 806', 'B DHANALAKSHMI', NULL, NULL, NULL, '', NULL, '', NULL, NULL, 0),
(226, 'N 855 ', 'E DINESH', NULL, NULL, NULL, '', NULL, '', NULL, NULL, 0),
(237, 'N 092&169', 'ELITE HEALTH CARE', NULL, NULL, NULL, '6411630935', NULL, 'KKBK0000464', NULL, NULL, 0),
(238, 'N 094', 'EMKAYES DISTRIBUTORS', NULL, NULL, NULL, '036120000201952', NULL, 'CIUB0000036', NULL, NULL, 0),
(239, 'N 164', 'ECO FRIEND SAFETY SOLUTION', NULL, NULL, NULL, '157150050800751', NULL, 'TMBL0000157', NULL, NULL, 0),
(240, 'N 226', 'ESCES MARKETING   MAC ENTERPRISES)', NULL, NULL, NULL, '027605004762', NULL, 'ICIC0000276', NULL, NULL, 0),
(241, 'N 316', 'EURASIA HEALTH CARE', NULL, NULL, NULL, '1611990667', NULL, 'KKBK0000651', NULL, NULL, 0),
(242, 'N 340', 'E I INSTRUMENTATION P LTD', NULL, NULL, NULL, '01242560001744', NULL, 'HDFC', NULL, NULL, 0),
(243, 'N 345', 'EXPRESS PUBLICATIONS (MADURAI)', NULL, NULL, NULL, '019602000006600', NULL, 'IOBA0000916', NULL, NULL, 0),
(244, 'N 365', 'EXTAL INTERNATIONAL', NULL, NULL, NULL, '0684073000000022', NULL, 'SIBL0000684', NULL, NULL, 0),
(245, 'N 366', 'ESTEEM SCIENTIFIC PRODUCTS', NULL, NULL, NULL, '352101010015082', NULL, 'UBIN0535214', NULL, NULL, 0),
(246, 'N 410', 'DR ESWARAN', NULL, NULL, NULL, '0416101012926', NULL, 'CNRB00010416', NULL, NULL, 0),
(247, 'N 472', 'E M HOSPITAL', NULL, NULL, NULL, '', NULL, '', NULL, NULL, 0),
(248, 'N 529', 'ELUMALAI', NULL, NULL, NULL, '', NULL, '', NULL, NULL, 0),
(249, 'N 563', 'ELUMALAI (LABOUR CHARGES)', NULL, NULL, NULL, '', NULL, '', NULL, NULL, 0),
(250, 'N 568', 'ELLAPPAN P', NULL, NULL, NULL, '', NULL, '', NULL, NULL, 0),
(251, 'N 668', 'ELUMALAI(MAHAL BUILDING)', NULL, NULL, NULL, '', NULL, '', NULL, NULL, 0),
(252, 'N 776', 'EXCEL POWER SERVICES', NULL, NULL, NULL, '', NULL, '', NULL, NULL, 0),
(253, 'N 872', 'ESSCO', NULL, NULL, NULL, '', NULL, '', NULL, NULL, 0),
(254, 'N 886', 'ENCELLENT SERVICE  CARE', NULL, NULL, NULL, '', NULL, '', NULL, NULL, 0),
(264, 'N 102', 'FUJI FILM', NULL, NULL, NULL, '9880400003809', NULL, 'DEUTO7960EL', NULL, NULL, 0),
(265, 'N 128', 'FLAME ADVERTISING CO(OLD)', NULL, NULL, NULL, '070331043001166', NULL, 'ANDB0000703', NULL, NULL, 0),
(266, 'N 368', 'FREEZE AIR COOLS', NULL, NULL, NULL, '112109000000941', NULL, 'CIUB0000112', NULL, NULL, 0),
(267, 'N 435', 'FINE EDGE INTERNATIONAL', NULL, NULL, NULL, '', NULL, '', NULL, NULL, 0),
(268, 'N 507', 'FORMA ELECTRICAL AGENCIES', NULL, NULL, NULL, '', NULL, '', NULL, NULL, 0),
(269, 'N 611', 'FORTUNE OFFICE SOLUTIONS', NULL, NULL, NULL, '', NULL, '', NULL, NULL, 0),
(270, '', 'FLAME ADVERTISING', NULL, NULL, NULL, '37119687393', NULL, 'SBIN0004033', NULL, NULL, 0),
(271, 'N 753', 'FURN POINT', NULL, NULL, NULL, '9013002100000639', NULL, 'PUNB0901300', NULL, NULL, 0),
(272, 'N 753', 'FURN-POINT', NULL, NULL, NULL, '', NULL, '', NULL, NULL, 0),
(273, 'N 826', 'FEDEX EXPRESS TRANSPORATION', NULL, NULL, NULL, '', NULL, '', NULL, NULL, 0),
(274, 'N 850', 'F C M TRAVEL SOLUTIONS INDIA', NULL, NULL, NULL, '', NULL, '', NULL, NULL, 0),
(283, 'N 007', 'GILGAL FACILITY SERVICE', NULL, NULL, NULL, '731517857', NULL, 'IDIB000A002', NULL, NULL, 0),
(284, 'N 036', 'GOWRI S', NULL, NULL, NULL, '27760200000405', NULL, 'IOBA0002776', NULL, NULL, 0),
(285, 'N 120', '  GOMATHY   R  DR (TIN SANKARAN )', NULL, NULL, NULL, '0735307000000073', NULL, 'LAVB000735', NULL, NULL, 0),
(286, 'N 126', 'GENTECH POWER SYSTEMS', NULL, NULL, NULL, '4389002100012204', NULL, 'PVNB0438900', NULL, NULL, 0),
(287, 'N 147', 'GOLECHHA DIAGNOSTICS', NULL, NULL, NULL, '3238020000063', NULL, 'HDFC', NULL, NULL, 0),
(288, 'N 199', 'GANAPATHY RAJA ENTERPRISES', NULL, NULL, NULL, '60008105248', NULL, 'MAHB0001374', NULL, NULL, 0),
(289, 'N 218', 'G J MULTIGLAVE INDIA P LTD', NULL, NULL, NULL, '457025265', NULL, 'IDIB000M047', NULL, NULL, 0),
(290, 'N 255', 'GIRI BROTHERS SCALE STAMPING', NULL, NULL, NULL, '20030534834', NULL, 'MAHB0000300', NULL, NULL, 0),
(291, 'N 283&403', 'GOMATHI E EDUCATION COACH', NULL, NULL, NULL, '20185004877', NULL, 'SBIN0012930', NULL, NULL, 0),
(292, 'N 307', ' GAUTAM     DR ( ANESTHETIST )', NULL, NULL, NULL, '6237948623', NULL, 'IDIB000S180', NULL, NULL, 0),
(293, 'N 017', 'R GOMATHI (T M B -R G  -O D )', NULL, NULL, NULL, '034700050900179', NULL, 'TMBC000034', NULL, NULL, 0),
(294, 'N 372', 'O L V GANESAN (ADVOCATE)', NULL, NULL, NULL, '50100215119679', NULL, 'HDFC', NULL, NULL, 0),
(295, 'N 363', 'GENLITE ENGINEERING P LTD', NULL, NULL, NULL, '11815500001746', NULL, 'FDRL0001181', NULL, NULL, 0),
(296, 'N 019', 'GOVINDARAJAN V', NULL, NULL, NULL, '', NULL, '', NULL, NULL, 0),
(297, 'N 417', 'GANESAN C (LIFT)', NULL, NULL, NULL, '601975703', NULL, 'IDIB000T044', NULL, NULL, 0),
(298, 'N 443', 'GOWTHAM DILIP MEHTA', NULL, NULL, NULL, '', NULL, '', NULL, NULL, 0),
(299, 'N 457', 'GANESH SCIENTIFIC SUPPLIERS', NULL, NULL, NULL, '', NULL, '', NULL, NULL, 0),
(300, 'N 512', 'D GANESAN SELAIYUR', NULL, NULL, NULL, '', NULL, '', NULL, NULL, 0),
(301, 'N 518', 'GOURI ROY', NULL, NULL, NULL, '', NULL, '', NULL, NULL, 0),
(302, 'N 505', 'GABRIEL', NULL, NULL, NULL, '', NULL, '', NULL, NULL, 0),
(303, 'N 558', 'GLOBL ACADAMY', NULL, NULL, NULL, '6407629977', NULL, 'IDIB000A090', NULL, NULL, 0),
(304, 'N 565', 'GALAXY EARTH ING ELETRODES', NULL, NULL, NULL, '', NULL, '', NULL, NULL, 0),
(305, 'N 631', 'GENULINE BIO SYSTEMS', NULL, NULL, NULL, '', NULL, '', NULL, NULL, 0),
(306, 'N 632', 'GRID ARICHITECTS', NULL, NULL, NULL, '', NULL, '', NULL, NULL, 0),
(307, 'N 637', 'K GANESAN', NULL, NULL, NULL, '', NULL, '', NULL, NULL, 0),
(308, 'N 683', 'GANAPATHY (COOK J NAGAR)', NULL, NULL, NULL, '', NULL, '', NULL, NULL, 0),
(309, 'N 790', 'GLOBAL MEDI CRUITS  -COCHIN', NULL, NULL, NULL, '', NULL, '', NULL, NULL, 0),
(310, 'N 820', 'GAYATHIRI K R PURAM H/K ', NULL, NULL, NULL, '', NULL, '', NULL, NULL, 0),
(311, 'N 875', 'DR GANESANS HITECH DIAGNOSTIC CENTRE', NULL, NULL, NULL, '', NULL, '', NULL, NULL, 0),
(312, 'N 893', 'GRENIER BIO ONE INDIA P LTD', NULL, NULL, NULL, '', NULL, '', NULL, NULL, 0),
(313, 'N 902', 'GIRIDHARAN VLC ', NULL, NULL, NULL, '', NULL, '', NULL, NULL, 0),
(323, 'N 023', 'HANUMAN AGENGIES', NULL, NULL, NULL, '409044030415', NULL, 'KKBK0008486', NULL, NULL, 0),
(324, 'N 121', 'HEMANT SURGICALS', NULL, NULL, NULL, '603105259381', NULL, 'ICIC0006031', NULL, NULL, 0),
(325, 'N 215', 'HARINI CERAMICS', NULL, NULL, NULL, '1619651100000064', NULL, 'IBKL0001619', NULL, NULL, 0),
(326, 'N 235', 'HAMALATHA--MANJULA (REFUND )', NULL, NULL, NULL, '463250011154780', NULL, 'KARB0000463', NULL, NULL, 0),
(327, 'N 303', 'HEENA COMPUTERS', NULL, NULL, NULL, '018302000001888', NULL, 'IOBA0000183', NULL, NULL, 0),
(328, 'N 335', 'HEARTCARE TECHNOLOGIES', NULL, NULL, NULL, '148202000000733', NULL, 'IOBA0001482', NULL, NULL, 0),
(329, 'N 170', 'HARIKRISHNAN E', NULL, NULL, NULL, '1244155000104994', NULL, 'KVBL0001244', NULL, NULL, 0),
(330, 'N 445', 'HARAHARA SUDAN', NULL, NULL, NULL, '', NULL, '', NULL, NULL, 0),
(331, 'N 495', 'HARSON MEDICAL', NULL, NULL, NULL, '', NULL, '', NULL, NULL, 0),
(332, 'N 497', 'HITECH CALIBRATION SERVICE', NULL, NULL, NULL, '', NULL, '', NULL, NULL, 0),
(333, 'N 606', 'HASWATH DIGITAL MARKETING ', NULL, NULL, NULL, '', NULL, '', NULL, NULL, 0),
(334, 'N 546', 'DR HARIHARAN', NULL, NULL, NULL, '', NULL, '', NULL, NULL, 0),
(335, 'N 633', 'HEMAKUMAR LIFT EXP', NULL, NULL, NULL, '', NULL, '', NULL, NULL, 0),
(336, 'N 635', 'HEXA IDEA PRINT SERVICES', NULL, NULL, NULL, '', NULL, '', NULL, NULL, 0),
(337, 'N 732', 'HAPPAY CARD ACCOUNT  V A TECH', NULL, NULL, NULL, '', NULL, '', NULL, NULL, 0),
(338, 'N 751', 'HARIBABU L', NULL, NULL, NULL, '', NULL, '', NULL, NULL, 0),
(339, 'N 812', 'HABEEUNISSA HYDRABAD BLDG', NULL, NULL, NULL, '', NULL, '', NULL, NULL, 0),
(350, 'N 331&273', 'IDEA CELLULAR LTD', NULL, NULL, NULL, '004103000034265', NULL, 'IBKL0000004', NULL, NULL, 0),
(351, 'N 133', 'IVAAN HEALTH SERVICES P LTD', NULL, NULL, NULL, '36080517948', NULL, 'SBIN0004187', NULL, NULL, 0),
(352, 'N 167', 'IMPEX INDIA COMPANY', NULL, NULL, NULL, '14440200001206', NULL, 'FDRL0001444', NULL, NULL, 0),
(353, 'N 176', 'INNOWAVE HEALTH CARE', NULL, NULL, NULL, '50200000858882', NULL, 'HDFC', NULL, NULL, 0),
(354, 'N 233', 'I 2H SOLUTIONS', NULL, NULL, NULL, '321705500010', NULL, 'ICIC0003217', NULL, NULL, 0),
(355, 'N 392', 'I SOLVE TECHNILOGIES P LTD', NULL, NULL, NULL, '67032008041', NULL, 'SBIN0070688', NULL, NULL, 0),
(356, 'N 317', 'IMPRESS', NULL, NULL, NULL, '60240674116', NULL, 'MAHB1001155', NULL, NULL, 0),
(357, 'N 322', 'INDIAN LIFTS', NULL, NULL, NULL, '60181010006457', NULL, 'SYNB0006018', NULL, NULL, 0),
(358, 'N 354', 'ICONS INFO COM P LTA', NULL, NULL, NULL, '102805000841', NULL, 'ICIC0001028', NULL, NULL, 0),
(359, 'N 373', 'IMPRO TECH', NULL, NULL, NULL, '000901626061', NULL, 'ICIC0000009', NULL, NULL, 0),
(360, 'N 514', 'IECUBE SOLUTION', NULL, NULL, NULL, '', NULL, '', NULL, NULL, 0),
(361, 'N 476', 'IVAN J', NULL, NULL, NULL, '', NULL, '', NULL, NULL, 0),
(362, 'N 589', 'INFO DREAMZ TECHNOLOGIES', NULL, NULL, NULL, '', NULL, '', NULL, NULL, 0),
(363, 'N 617', 'IDEAL SURGICAL COMPANY', NULL, NULL, NULL, '', NULL, '', NULL, NULL, 0),
(364, 'N 618', 'INSTRMENTATIONAL LABORATORY INDUSTRIES', NULL, NULL, NULL, '', NULL, '', NULL, NULL, 0),
(365, 'N 468', 'INFOVITA TECHNOLOGIES P LTD(ZYWEE)', NULL, NULL, NULL, '2673201003746', NULL, 'CNRB0002673', NULL, NULL, 0),
(366, 'N 696', 'INDIRAGANTHI (MAHALSTEP)', NULL, NULL, NULL, '', NULL, '', NULL, NULL, 0),
(367, 'N 708', 'IDEA CELLUAR LTD', NULL, NULL, NULL, '', NULL, '', NULL, NULL, 0),
(368, 'N 696', 'INDIRA GANDHI', NULL, NULL, NULL, '1281101039257', NULL, 'CNRB0001281', NULL, NULL, 0),
(369, 'N 768', 'INDUMATHI TRAVELLING EXP', NULL, NULL, NULL, '', NULL, '', NULL, NULL, 0),
(370, 'N 822', 'ISHA SCIENFIC PRODUCTS', NULL, NULL, NULL, '', NULL, '', NULL, NULL, 0),
(371, 'N 835', 'INDIAN GLASS AND PLYWOOD CENTRE', NULL, NULL, NULL, '', NULL, '', NULL, NULL, 0),
(372, 'N 846', 'I M C CORPORATION', NULL, NULL, NULL, '', NULL, '', NULL, NULL, 0),
(383, 'N 261', 'JAYAVEL B', NULL, NULL, NULL, '1005919760', NULL, 'SBIN0280877', NULL, NULL, 0),
(384, 'N 018', 'JAIN SURGICAL AND PHARMACEUTICALS', NULL, NULL, NULL, '883430357', NULL, 'IDIB000S034', NULL, NULL, 0),
(385, 'N 020', 'JOMED HEALTH CARE', NULL, NULL, NULL, '60220504321', NULL, 'ICIC0006022', NULL, NULL, 0),
(386, 'N 026', 'J J MARKETING SERVICES', NULL, NULL, NULL, 'CLUCC01100002', NULL, 'CORP0002091', NULL, NULL, 0),
(387, 'N 145', 'JACOB K', NULL, NULL, NULL, '0972101014323', NULL, 'CNRB0000972', NULL, NULL, 0),
(388, 'N 248', 'S K JOTHI (ALWARPET ) PROMOTIONAL CHARGES', NULL, NULL, NULL, '30660493046', NULL, 'SBIN0005199', NULL, NULL, 0),
(389, 'N 277', 'J V S STABILIZER SERVICES', NULL, NULL, NULL, '6050101862', NULL, 'SYNB0006050', NULL, NULL, 0),
(390, 'N 281', 'JAI SANKAR (REFUND )', NULL, NULL, NULL, '', NULL, '', NULL, NULL, 0),
(391, 'N 294', 'J V S ELECTRONICS', NULL, NULL, NULL, '60501010000862', NULL, 'SYNB0006050', NULL, NULL, 0),
(392, 'N 016', 'B JAGANADHAN', NULL, NULL, NULL, '10313615836', NULL, 'SBIN0002256', NULL, NULL, 0),
(393, 'N 069', 'JOHNSON LIFT P LTD', NULL, NULL, NULL, '425011008336', NULL, 'KKBK0008488', NULL, NULL, 0),
(394, 'N 419', 'JAINEL A B', NULL, NULL, NULL, '26440100009480', NULL, 'BARB0PBBANN', NULL, NULL, 0),
(395, 'N 523', 'JAHRHUSSIAN LPG GAS', NULL, NULL, NULL, '', NULL, '', NULL, NULL, 0),
(396, 'N 520', 'JEYA', NULL, NULL, NULL, '', NULL, '', NULL, NULL, 0),
(397, 'N 500', 'J C DIAGNOSTICS', NULL, NULL, NULL, '', NULL, '', NULL, NULL, 0),
(398, 'N 502', 'JHANSIRANI-VELLORE', NULL, NULL, NULL, '', NULL, '', NULL, NULL, 0),
(399, 'N 456', 'JAINEL AB', NULL, NULL, NULL, '', NULL, '', NULL, NULL, 0),
(400, 'N 607', 'J R K DIAGNOSTICS', NULL, NULL, NULL, '', NULL, '', NULL, NULL, 0),
(401, 'N 646', 'JAI SOORAI ENTERPRISES', NULL, NULL, NULL, '', NULL, '', NULL, NULL, 0),
(402, 'N 754', 'JAAYAM ELECTRIC ENTERPRISES', NULL, NULL, NULL, '6570002100004687', NULL, 'PUNB0657000', NULL, NULL, 0),
(403, 'N 700', 'J J ENTERPRISES', NULL, NULL, NULL, '', NULL, '', NULL, NULL, 0),
(404, 'N 749', 'JAYAVELU-STAFF (SALES INCENTIVE)', NULL, NULL, NULL, '', NULL, '', NULL, NULL, 0),
(405, 'N 754', 'JAYAM ELECTRIC ENTERPRISES', NULL, NULL, NULL, '', NULL, '', NULL, NULL, 0),
(406, 'N 765', 'JUPITER HEALTHCARE', NULL, NULL, NULL, '', NULL, '', NULL, NULL, 0),
(407, 'N 810', 'JOSEPH WATER LEVEL CONTROL', NULL, NULL, NULL, '', NULL, '', NULL, NULL, 0),
(408, 'N 858 ', 'JEEVAN HEALTHCARE SEERVICES', NULL, NULL, NULL, '', NULL, '', NULL, NULL, 0),
(419, 'N 010', 'DR K KANAGASARATHY', NULL, NULL, NULL, '31161414236', NULL, 'SBIN0005199', NULL, NULL, 0),
(420, '', 'K R R HEALTH CARE(OLD)', NULL, NULL, NULL, '62039858408', NULL, 'SBHY0020732', NULL, NULL, 0),
(421, 'N 075', 'DR KARTHIK RAJ', NULL, NULL, NULL, '15861930001325', NULL, 'HDFC', NULL, NULL, 0),
(422, 'N 082', ' M KATHIRVELU', NULL, NULL, NULL, '20251858804', NULL, 'SBIN0000859', NULL, NULL, 0),
(423, 'N 093', 'KRITHIKAA BIO TEC', NULL, NULL, NULL, '801420100004088', NULL, 'BKID0008014', NULL, NULL, 0),
(424, 'N 146', 'KANCHAN KALRO', NULL, NULL, NULL, '130315574144', NULL, 'KVBL0001303', NULL, NULL, 0),
(425, 'N 256', 'DR C KRITHIKA', NULL, NULL, NULL, '20072205267', NULL, 'SBIN0001444', NULL, NULL, 0),
(426, 'N 271', 'KAL PUBLICATIONS P LYD', NULL, NULL, NULL, '30048481561', NULL, 'SBIN0000965', NULL, NULL, 0),
(427, 'N 297', 'K V S ELECTRICALS', NULL, NULL, NULL, '302400301000365', NULL, 'VIJB0003106', NULL, NULL, 0),
(428, 'N 302', 'KABICO MOTORS INDIA LTD', NULL, NULL, NULL, '000105030745', NULL, 'ICIC0000001', NULL, NULL, 0),
(429, 'N 051', 'M N KUMAR (RENT )', NULL, NULL, NULL, '6284467320', NULL, 'IDIB000V001', NULL, NULL, 0),
(430, 'N 320', 'KRISHNA INFOTECH', NULL, NULL, NULL, '0005102000047898', NULL, 'IBKL0000005', NULL, NULL, 0),
(431, 'N 374', 'KAMALAPRIYA SOFTWARE CHARGES', NULL, NULL, NULL, '2312114604', NULL, 'KKBK0000468', NULL, NULL, 0),
(432, 'N 406', 'DR KAVITHA', NULL, NULL, NULL, '429811990', NULL, 'IDIB000P056', NULL, NULL, 0),
(433, 'N 537', 'KRISHNA MRI AND CT', NULL, NULL, NULL, '', NULL, '', NULL, NULL, 0),
(434, 'N 528', 'KEERTHI TRADERS', NULL, NULL, NULL, '', NULL, '', NULL, NULL, 0),
(435, 'N 515', 'KNOWLARITY COMMUNICATION P LTD', NULL, NULL, NULL, '', NULL, '', NULL, NULL, 0),
(436, 'N 506', 'KONE ELEVATOR AGENCIES ', NULL, NULL, NULL, '', NULL, '', NULL, NULL, 0),
(437, 'N 479', 'KANNAN PALES', NULL, NULL, NULL, '', NULL, '', NULL, NULL, 0),
(438, 'N 483', 'KRISHCO MEDICAL PRODUCTS', NULL, NULL, NULL, '', NULL, '', NULL, NULL, 0),
(439, 'N 547', 'KING MARKETING', NULL, NULL, NULL, '', NULL, '', NULL, NULL, 0),
(440, 'N 575', 'KLINIKAL INFORMATION SYSTEM', NULL, NULL, NULL, '', NULL, '', NULL, NULL, 0),
(442, 'N 638', 'KARU MARIAMMAN INDUSTRIES', NULL, NULL, NULL, '', NULL, '', NULL, NULL, 0),
(443, 'N 662', 'KOSHER TISSUE PRODUCTS P LTD', NULL, NULL, NULL, '', NULL, '', NULL, NULL, 0),
(444, 'N 657', 'KATHIRESAN', NULL, NULL, NULL, '', NULL, '', NULL, NULL, 0),
(445, 'N 665', 'M A KANDASAMY AND ASSOCIATES', NULL, NULL, NULL, '', NULL, '', NULL, NULL, 0),
(446, 'N 669', 'KARTHIKRAJA(CIVIL WORK)', NULL, NULL, NULL, '', NULL, '', NULL, NULL, 0),
(447, 'N 691', 'KEERTHANA ARUN', NULL, NULL, NULL, '', NULL, '', NULL, NULL, 0),
(448, 'N 728', 'S KUMAR MARKETING EXP', NULL, NULL, NULL, '', NULL, '', NULL, NULL, 0),
(449, 'N 774', 'KAMADHENU TELE FILMS P LTD', NULL, NULL, NULL, '', NULL, '', NULL, NULL, 0),
(450, 'N 784', 'KAMAL KUMAR ALUMINIUM', NULL, NULL, NULL, '', NULL, '', NULL, NULL, 0),
(451, 'N 033', 'KRR HEALTHCARE SERVICES(NEW)', NULL, NULL, NULL, '', NULL, '', NULL, NULL, 0),
(452, 'F  040', 'KALAIPANDI', NULL, NULL, NULL, '', NULL, '', NULL, NULL, 0),
(453, 'N 818', 'KARNATAKA STATES SC ST DEVELOPMENT', NULL, NULL, NULL, '', NULL, '', NULL, NULL, 0),
(454, 'N 836', 'V KUMAR-RAJAJINAGAR H/K', NULL, NULL, NULL, '', NULL, '', NULL, NULL, 0),
(455, 'N 836', 'K KANNAN MARKETING G M', NULL, NULL, NULL, '', NULL, '', NULL, NULL, 0),
(456, 'N 868', 'KEMPAMMA -J P NAGAR H/K', NULL, NULL, NULL, '', NULL, '', NULL, NULL, 0),
(457, 'N 899', 'KUTTI CONSTRUCTION-MUNIASAMY P', NULL, NULL, NULL, '', NULL, '', NULL, NULL, 0),
(468, 'N 259', 'LIFE CARE MARKETING', NULL, NULL, NULL, '161611100000618', NULL, 'ANDB0001616', NULL, NULL, 0),
(469, 'N 223', 'R LATHA (TEA EXP -KILPAUK )', NULL, NULL, NULL, '00501000038632', NULL, 'IOBA0000005', NULL, NULL, 0),
(470, 'N 118', 'P J LAWRENCE', NULL, NULL, NULL, '14440100000035', NULL, 'FDRL0001444', NULL, NULL, 0),
(471, 'N 028', 'LIFE CARE SYSTEMS', NULL, NULL, NULL, '3003463624', NULL, 'CBIN0281620', NULL, NULL, 0),
(472, 'N 245', 'LABONE INC', NULL, NULL, NULL, '07952560000535', NULL, 'HDFC', NULL, NULL, 0),
(473, 'N 430', 'LINUX LABORATORIES P LTD', NULL, NULL, NULL, '', NULL, '', NULL, NULL, 0),
(474, 'N 541', 'LOGANATHAN PONDICHERY', NULL, NULL, NULL, '', NULL, '', NULL, NULL, 0),
(475, 'N 543', 'LOGESH BABU-FRANCHISES  TIRUVALLUR', NULL, NULL, NULL, '', NULL, '', NULL, NULL, 0),
(476, 'N 498', 'LAW OFFICE OF KARTHIKEYAN', NULL, NULL, NULL, '', NULL, '', NULL, NULL, 0),
(477, 'N 594', 'LIFE DNA DIAGNOSTIC LABORATORY', NULL, NULL, NULL, '', NULL, '', NULL, NULL, 0),
(478, 'N 644', 'LIFE NEED ENTERPRISES', NULL, NULL, NULL, '', NULL, '', NULL, NULL, 0),
(479, 'N 654', 'LEAF PHARMA', NULL, NULL, NULL, '', NULL, '', NULL, NULL, 0),
(480, 'N 663', 'LEVRAM LIFE SCIENCES P LTD', NULL, NULL, NULL, '', NULL, '', NULL, NULL, 0),
(481, 'N 738', 'LIC OF INDIA', NULL, NULL, NULL, '', NULL, '', NULL, NULL, 0),
(482, 'N 802', 'LEO VENDING CONCEPTS', NULL, NULL, NULL, '', NULL, '', NULL, NULL, 0),
(483, 'N 808', 'LANSON MOTOTS', NULL, NULL, NULL, '', NULL, '', NULL, NULL, 0),
(484, 'N 898', 'LIFE - NEED ENTERPRISES', NULL, NULL, NULL, '', NULL, '', NULL, NULL, 0),
(494, 'N 006', 'MURUGAN HOUSE KEEPING', NULL, NULL, NULL, '019803268486195001', NULL, 'CSBK0000198', NULL, NULL, 0),
(495, 'N 108', 'MEDILINK ENTERPRISES', NULL, NULL, NULL, '30400163659', NULL, 'SBIN0004327', NULL, NULL, 0),
(496, 'N 150', 'MEDISUN BIO TEC', NULL, NULL, NULL, '3111153665', NULL, 'KKBK0000472', NULL, NULL, 0),
(497, 'N 022', 'MEDICAID SYSTEMS', NULL, NULL, NULL, '632205003826', NULL, 'ICIC0006322', NULL, NULL, 0),
(498, 'N 046', 'DR P MUTHU KUMAR', NULL, NULL, NULL, '20012477323', NULL, 'SBIN0004374', NULL, NULL, 0),
(499, 'N 198', 'MARVEL SHREJEE', NULL, NULL, NULL, '2990100000605', NULL, 'BARB0VADAPA', NULL, NULL, 0),
(500, 'N 053', 'M N MARI (RENT )', NULL, NULL, NULL, '403881059', NULL, 'IDIB000V001', NULL, NULL, 0),
(501, 'N 055', 'A MUTHU LAKSHMI', NULL, NULL, NULL, '10239348781', NULL, 'SBIN0003306', NULL, NULL, 0),
(502, 'N 062', 'MEDITECH INFO SYSTEMS', NULL, NULL, NULL, '806620110000208', NULL, 'BKID0008066', NULL, NULL, 0),
(503, 'N 096', 'MEDI GLOBE SYSTEMS', NULL, NULL, NULL, '50007010215', NULL, 'ALLAD211529', NULL, NULL, 0),
(504, 'N 226', 'MAC ENTERPRISES', NULL, NULL, NULL, '027605004762', NULL, 'ICIC0000276', NULL, NULL, 0),
(505, 'N 142', 'MARIAPPAN SALARY ADVANCE', NULL, NULL, NULL, '20251858735', NULL, 'SBIN0000859', NULL, NULL, 0),
(506, 'N 153', 'MASS COPIER SOLUTION', NULL, NULL, NULL, '1250135000001250', NULL, 'KVBL0001250', NULL, NULL, 0),
(507, 'N 160', 'DR MGR MEDICAL UNIVERSITY', NULL, NULL, NULL, '584840103', NULL, '', NULL, NULL, 0),
(508, 'N 185', 'MADHU MEETAL (RENT-PORUR)', NULL, NULL, NULL, '10497307588', NULL, 'SBIN0001857', NULL, NULL, 0),
(509, 'N 189', 'MANJULA BASAVARAJ (SBI A/C NO-34100827490  )', NULL, NULL, NULL, '34100827490', NULL, 'SBIN0001626', NULL, NULL, 0),
(510, 'N 190', 'MADHURI TRADERS', NULL, NULL, NULL, '10792654978', NULL, 'SBIN0013361', NULL, NULL, 0),
(511, 'N 195', 'MARIDI ECO  INDUSTRIES', NULL, NULL, NULL, '00801020003309', NULL, 'UTIB0000008', NULL, NULL, 0),
(512, 'N 202', 'MAHADEB MONDAL (PROMO )', NULL, NULL, NULL, '31172826100', NULL, 'SBIN0012438', NULL, NULL, 0),
(513, 'N 222', 'MEDICAL AND DIAGNOSTICS CORPORATION', NULL, NULL, NULL, '801420100003754', NULL, 'BKID0008014', NULL, NULL, 0),
(514, 'N 236', 'MANJUNATHAN   (SALARY AND TRAVEL )', NULL, NULL, NULL, '611182511', NULL, 'IDIB000N122', NULL, NULL, 0),
(515, 'N 246', 'MASCOW MANI', NULL, NULL, NULL, '790101024498', NULL, 'CNRB0000790', NULL, NULL, 0),
(516, 'N 249', 'MANIKANDAN S (PROMOTIONAL)', NULL, NULL, NULL, '600364579', NULL, 'IDIB000E013', NULL, NULL, 0),
(517, '', 'MITHUDEY PROMO', NULL, NULL, NULL, '', NULL, '', NULL, NULL, 0),
(518, 'N 292', 'MUTHUSAMY (LAB TECH )', NULL, NULL, NULL, '20361865001', NULL, 'SBIN000859', NULL, NULL, 0),
(519, 'N 310', 'MURALI  (SALARY ADVANCE )', NULL, NULL, NULL, '26440100009673', NULL, 'BARB0ABBANN', NULL, NULL, 0),
(520, 'N 344', 'MANI MARAN (ENDOSCOPY FEES )', NULL, NULL, NULL, '912010040956537', NULL, 'UTIB0000074', NULL, NULL, 0),
(521, 'N 378', 'MC CAB CHEMICAL INNOVATOR', NULL, NULL, NULL, '512120020013603', NULL, 'CIUB0000438', NULL, NULL, 0),
(522, 'N 397', 'MALATHY', NULL, NULL, NULL, '29900100009576', NULL, 'BARB0VADAPA', NULL, NULL, 0),
(523, 'N 398', 'MEGA RADIOLOGY SERVICE', NULL, NULL, NULL, '50200010437942', NULL, ' HDFC', NULL, NULL, 0),
(524, 'N 402', 'MEDISIS INDIA', NULL, NULL, NULL, '914020030243233', NULL, 'UTIB1000006', NULL, NULL, 0),
(525, 'N 409', 'DR MANIMEKALA', NULL, NULL, NULL, '1006101053662', NULL, 'CNRB0000104', NULL, NULL, 0),
(526, 'N 413', 'P MAHESH (STAFF)', NULL, NULL, NULL, '6548192605', NULL, 'IDIB0000000N033', NULL, NULL, 0),
(527, 'N 429', 'MAHARAJA', NULL, NULL, NULL, '', NULL, '', NULL, NULL, 0),
(528, 'N 433', 'MALA SANKAR', NULL, NULL, NULL, '', NULL, '', NULL, NULL, 0),
(529, 'N 441', 'MEDCIS PATH LAB INDIA', NULL, NULL, NULL, '', NULL, '', NULL, NULL, 0),
(530, 'N 462', 'MITS MEDICAL SYSTEM', NULL, NULL, NULL, '', NULL, '', NULL, NULL, 0),
(531, 'N 474', 'MEDI TECH', NULL, NULL, NULL, '', NULL, '', NULL, NULL, 0),
(532, 'N 524', 'MEKALA', NULL, NULL, NULL, '', NULL, '', NULL, NULL, 0),
(533, 'N 516', 'MANISHA J', NULL, NULL, NULL, '', NULL, '', NULL, NULL, 0),
(534, 'N 478', 'MURUGAN T', NULL, NULL, NULL, '', NULL, '', NULL, NULL, 0),
(535, 'N 554', 'MOULT ADS', NULL, NULL, NULL, '', NULL, '', NULL, NULL, 0),
(536, 'N 571', 'MEGA DIGITAL', NULL, NULL, NULL, '', NULL, '', NULL, NULL, 0),
(537, 'N 573', 'MEGHRAJ MAROTHI', NULL, NULL, NULL, '', NULL, '', NULL, NULL, 0),
(538, 'N 586', 'MERK LIFE SCIENCE (P) LTD', NULL, NULL, NULL, '', NULL, '', NULL, NULL, 0),
(539, 'N 595', 'METRO IMAGING', NULL, NULL, NULL, '', NULL, '', NULL, NULL, 0),
(540, 'N 614', 'MARISELVAM', NULL, NULL, NULL, '', NULL, '', NULL, NULL, 0),
(541, 'N 625', 'MAHINDRA MABBLES AND GRANITES', NULL, NULL, NULL, '', NULL, '', NULL, NULL, 0),
(542, 'N 627', 'MURALIDHARAN VPL BLDG ADVANCE', NULL, NULL, NULL, '', NULL, '', NULL, NULL, 0),
(543, 'N 629', 'MDC HEALTH CARE P LTD(OLD)', NULL, NULL, NULL, '', NULL, '', NULL, NULL, 0),
(544, 'N 636', 'MARVEL DIAGNOSTICS', NULL, NULL, NULL, '', NULL, '', NULL, NULL, 0),
(545, 'N 647', 'MARAGANTHI VENKATAMMA', NULL, NULL, NULL, '', NULL, '', NULL, NULL, 0),
(546, 'N 648', 'MARAGANTHI SURESH CHANDRA REDDY', NULL, NULL, NULL, '', NULL, '', NULL, NULL, 0),
(547, 'N 649', 'MARAGANTHI SAILAJA', NULL, NULL, NULL, '', NULL, '', NULL, NULL, 0),
(548, 'N 650', 'MARAGANTHI SATHRIK CHANDRA REDDY', NULL, NULL, NULL, '', NULL, '', NULL, NULL, 0),
(549, 'N629', 'MDC HEALTH CARE P LTD(NEW)', NULL, NULL, NULL, '', NULL, '', NULL, NULL, 0),
(550, 'N 685', 'MADHAN MOHAN(SALAM)', NULL, NULL, NULL, '', NULL, '', NULL, NULL, 0),
(551, 'N 655', 'U MURUGAN', NULL, NULL, NULL, '', NULL, '', NULL, NULL, 0),
(552, 'N 660 ', 'MAHENDRA SHARMA(GRANITE)', NULL, NULL, NULL, '', NULL, '', NULL, NULL, 0),
(553, 'N 685', 'MADHAN MOHAN', NULL, NULL, NULL, '', NULL, '', NULL, NULL, 0),
(554, 'N 687', 'MUTHUKUMAR (PALEO)', NULL, NULL, NULL, '', NULL, '', NULL, NULL, 0),
(555, 'N 690 ', 'MEDIA GATEWAY P LTD', NULL, NULL, NULL, '', NULL, '', NULL, NULL, 0),
(556, 'N 701', 'MEENA (KORAMANGAL  BLR)', NULL, NULL, NULL, '', NULL, '', NULL, NULL, 0),
(557, 'N 709', 'MANDAVI MOTORS P LTD', NULL, NULL, NULL, '', NULL, '', NULL, NULL, 0),
(558, 'N 720', 'MATRIMONEY.COM LTD', NULL, NULL, NULL, '', NULL, '', NULL, NULL, 0),
(559, 'N 727', 'MALA P ALUMINIUM PARTICIAN  J P NAGAR', NULL, NULL, NULL, '', NULL, '', NULL, NULL, 0),
(560, 'N 735', 'MAHAVEER COMPUTERS', NULL, NULL, NULL, '', NULL, '', NULL, NULL, 0),
(561, 'N 766', 'MEDI CARE ENVIRONMENTAL MANAGEMENT', NULL, NULL, NULL, '', NULL, '', NULL, NULL, 0),
(562, 'N 772', 'MEERA  VPL BUILDING ADVANCE', NULL, NULL, NULL, '', NULL, '', NULL, NULL, 0),
(563, 'F 069', 'T MURALI(LANSON MANAGER)', NULL, NULL, NULL, '', NULL, '', NULL, NULL, 0),
(564, 'N785', 'MASTER MIND ELECTRONICS', NULL, NULL, NULL, '', NULL, '', NULL, NULL, 0),
(565, 'N 787', 'MEDLINK ELRCTRICAL ITEMS', NULL, NULL, NULL, '', NULL, '', NULL, NULL, 0),
(566, 'N 807', 'MOHAMED ALI HYDRABAD', NULL, NULL, NULL, '', NULL, '', NULL, NULL, 0),
(567, 'N 813', 'MADRAS ALUMINIUM TRADING COM', NULL, NULL, NULL, '', NULL, '', NULL, NULL, 0),
(568, 'N 828', 'MURALI BUILDING WORK)', NULL, NULL, NULL, '', NULL, '', NULL, NULL, 0),
(569, 'N 833', 'MEDNET SCIENTIFIC', NULL, NULL, NULL, '', NULL, '', NULL, NULL, 0),
(570, 'N 841', 'MOHAMMED VASEEM AHAMED', NULL, NULL, NULL, '', NULL, '', NULL, NULL, 0),
(571, 'N  843', 'MK RETAIL SOLUTION', NULL, NULL, NULL, '', NULL, '', NULL, NULL, 0),
(572, 'N 854', 'MAHESH ENTERPRISES', NULL, NULL, NULL, '', NULL, '', NULL, NULL, 0),
(573, 'N 855', 'MICRO COMPUTER', NULL, NULL, NULL, '', NULL, '', NULL, NULL, 0),
(574, 'N 866', 'MEENA-R S PALAYAM  H/K', NULL, NULL, NULL, '', NULL, '', NULL, NULL, 0),
(575, 'N 867', 'MANJULA KEEMPARAJ  H/K', NULL, NULL, NULL, '', NULL, '', NULL, NULL, 0),
(576, 'N 870', 'MANI CHETTINAD HOTEL', NULL, NULL, NULL, '', NULL, '', NULL, NULL, 0),
(577, 'N 874', 'MUTHU DURAI -NIGHT TEA EXP', NULL, NULL, NULL, '', NULL, '', NULL, NULL, 0),
(578, 'N 887', 'MUNIRAJ H M HOSKOTE FRANCHISE  BLR', NULL, NULL, NULL, '', NULL, '', NULL, NULL, 0),
(579, 'N 889', 'MUKIL SOLUTIONS P LTD', NULL, NULL, NULL, '', NULL, '', NULL, NULL, 0),
(580, 'N 895', 'M H FABRICATORS -MOHAMMED NAYEEM', NULL, NULL, NULL, '', NULL, '', NULL, NULL, 0),
(581, 'N 901', 'M J MAHALAKSHMI WATER PROPFING', NULL, NULL, NULL, '', NULL, '', NULL, NULL, 0),
(582, 'N 904', 'M H HARDWARES', NULL, NULL, NULL, '', NULL, '', NULL, NULL, 0),
(593, 'N 037', 'NAGALAKSHMI(STAFF)', NULL, NULL, NULL, '20251856953', NULL, 'SBIN000859', NULL, NULL, 0),
(594, 'N 287', 'NEROKEM SPECILITY PRODUCTS', NULL, NULL, NULL, '26320500000015', NULL, 'BARB0TAMBAR', NULL, NULL, 0),
(595, 'N 278', 'NARASIMALU   INDRANAGAR', NULL, NULL, NULL, '128910100149485', NULL, 'ANDB0000289', NULL, NULL, 0),
(596, 'N 234', 'NARAYANA HRUDAYALAYA LTD', NULL, NULL, NULL, '05492090000014', NULL, 'HDFC', NULL, NULL, 0),
(597, 'N 230', 'NIPPON ENTERPRISES', NULL, NULL, NULL, '000905020625', NULL, 'ICIC0000009', NULL, NULL, 0),
(598, 'N 231', 'NEO ALLIANCE HEALTH CARE', NULL, NULL, NULL, '001105022806', NULL, 'ICIC0000011', NULL, NULL, 0),
(599, 'N 130', 'N A B L', NULL, NULL, NULL, '349902031002914', NULL, 'UBIN0534994', NULL, NULL, 0),
(600, 'N 132', 'DR NIRMALA DEVI', NULL, NULL, NULL, '50100045497408', NULL, 'HDFC', NULL, NULL, 0),
(601, 'N 125', 'NANDHINI (REFUND )', NULL, NULL, NULL, '50100108259296', NULL, 'HDFC', NULL, NULL, 0),
(602, 'N 122', 'NIRMAL MOTORS', NULL, NULL, NULL, '189010200002981', NULL, 'UTIB0000189', NULL, NULL, 0),
(603, 'N 109', 'N S BIO MEDICALS', NULL, NULL, NULL, '041202000001470', NULL, 'IOBA0000412', NULL, NULL, 0),
(604, 'N 104', 'NAGAMMAL (TEA EXP -PERAMBUR )', NULL, NULL, NULL, '435287320', NULL, 'IDIB000P034', NULL, NULL, 0),
(605, 'N 069', 'NETHAJI SUBASH CHANDRA BOSE', NULL, NULL, NULL, '31624223043', NULL, 'SBIN0017922', NULL, NULL, 0),
(606, 'N 056', 'A NAGALAKSHMI(RENT)', NULL, NULL, NULL, '302401010007912', NULL, 'VIJB0003024', NULL, NULL, 0),
(607, 'N 393', 'NYSREEN (SILVER SIGN&DESIGN)', NULL, NULL, NULL, '6465749162', NULL, 'IDIB000K188', NULL, NULL, 0),
(608, 'N 426', 'NAVEEN KUMAR', NULL, NULL, NULL, '', NULL, '', NULL, NULL, 0),
(609, 'N 433', 'MALA - SANKAR', NULL, NULL, NULL, '', NULL, '', NULL, NULL, 0),
(610, 'N 426', 'NAVEEN - KUMAR', NULL, NULL, NULL, '', NULL, '', NULL, NULL, 0),
(611, 'N 437', 'NETWORK DIESELS', NULL, NULL, NULL, '', NULL, '', NULL, NULL, 0),
(612, 'N 538', 'NAHAR ELECTRIC COMPANY', NULL, NULL, NULL, '', NULL, '', NULL, NULL, 0),
(613, 'N 530', 'NEETHU TIMBER AND SAW MILL', NULL, NULL, NULL, '', NULL, '', NULL, NULL, 0),
(614, 'N 519', 'NANTHINI', NULL, NULL, NULL, '', NULL, '', NULL, NULL, 0),
(615, 'N 485', 'NATYRE SPIRATION ENGINEERING', NULL, NULL, NULL, '', NULL, '', NULL, NULL, 0),
(616, 'N 561', 'NEELA PRINTERS', NULL, NULL, NULL, '', NULL, '', NULL, NULL, 0),
(617, 'N 598', 'NON FERROUS METAL MART', NULL, NULL, NULL, '', NULL, '', NULL, NULL, 0),
(618, 'N 602', 'NEW GEN DIGITAL WORKS', NULL, NULL, NULL, '', NULL, '', NULL, NULL, 0),
(619, 'N 604', 'NET CORE SOLUTIONS P LTD', NULL, NULL, NULL, '', NULL, '', NULL, NULL, 0),
(620, 'N 640', 'NARAYANA AGENCIES', NULL, NULL, NULL, '', NULL, '', NULL, NULL, 0),
(621, 'N 684 ', 'NAVEEN KUMAR T R (J NAGAR)', NULL, NULL, NULL, '', NULL, '', NULL, NULL, 0),
(622, 'N 703', 'NETWORK ADVANTAGE LLP', NULL, NULL, NULL, '', NULL, '', NULL, NULL, 0),
(623, 'N 713', 'NIZAM AHAMED(HYDRABAD)', NULL, NULL, NULL, '', NULL, '', NULL, NULL, 0),
(624, 'N 717', 'NEW SASTHA BRINTO GRAPHIC', NULL, NULL, NULL, '', NULL, '', NULL, NULL, 0),
(625, 'N 725', 'NARAYAAPPA', NULL, NULL, NULL, '', NULL, '', NULL, NULL, 0),
(626, 'N 729', 'NEW SARAVANA STORES BIRAMANDAMAI', NULL, NULL, NULL, '', NULL, '', NULL, NULL, 0),
(627, 'N 749', 'NARASIMARAO HYDRABAD(MESS VEGETABLE)', NULL, NULL, NULL, '', NULL, '', NULL, NULL, 0),
(628, 'N 773', 'NARESH (V R WOOD WORKS)', NULL, NULL, NULL, '', NULL, '', NULL, NULL, 0),
(629, 'N 781', 'NAFEES BANU', NULL, NULL, NULL, '', NULL, '', NULL, NULL, 0),
(630, 'N 795', 'NRWD', NULL, NULL, NULL, '', NULL, '', NULL, NULL, 0),
(631, 'N 821', 'NEO ADS  YOUSUFGUDA', NULL, NULL, NULL, '', NULL, '', NULL, NULL, 0),
(632, 'N 824', 'NEW A ONE FURNITURE', NULL, NULL, NULL, '', NULL, '', NULL, NULL, 0),
(642, 'N 346', 'ORANGE ASSOCIATES', NULL, NULL, NULL, '79002000001001', NULL, 'IOBA0001790', NULL, NULL, 0),
(643, 'N 110', 'OXYCARE PRODUCTS', NULL, NULL, NULL, '06762000005741', NULL, 'IOBA0000676', NULL, NULL, 0),
(644, 'N 025', 'O M SAKTHI ELECTRICALS', NULL, NULL, NULL, '149202000000598', NULL, 'IOBA0001492', NULL, NULL, 0),
(645, 'N 148', 'ORTHO CLINICAL DIAGNOSTICS', NULL, NULL, NULL, '149202000000598', NULL, 'IOBA0001492', NULL, NULL, 0),
(646, 'N 796', 'ONCQUEST LABORATORIES LTD', NULL, NULL, NULL, '', NULL, '', NULL, NULL, 0),
(647, 'N 622', 'O M CORPORATIONS', NULL, NULL, NULL, '', NULL, '', NULL, NULL, 0),
(648, 'N 692', 'ORBIT ACE MEDICARE P LTD', NULL, NULL, NULL, '', NULL, '', NULL, NULL, 0),
(649, 'N 743', 'OFFICE BAXAARE STORE (P) LTD', NULL, NULL, NULL, '', NULL, '', NULL, NULL, 0),
(650, 'N 771', 'OM SAKTHI ENTERPRISES(MAHAL GAS)', NULL, NULL, NULL, '', NULL, '', NULL, NULL, 0),
(651, 'N 793', 'ORDWANCE FACTORIES AND ALLIED', NULL, NULL, NULL, '', NULL, '', NULL, NULL, 0),
(662, 'N 170', 'E PARANTHAMAN (HARIKRISHNAN )', NULL, NULL, NULL, '1244155000104994', NULL, 'KVBL0001244', NULL, NULL, 0),
(663, 'N 076', 'PARTHO MANDAL (PROMOTI )', NULL, NULL, NULL, '033401000025704', NULL, 'IOBA0000334', NULL, NULL, 0),
(664, 'N 091', 'POLYMER MEDICAL DEVICES', NULL, NULL, NULL, '04291100001992', NULL, 'PSIB0000429', NULL, NULL, 0);
INSERT INTO `vendor_master` (`vendor_code`, `code_no`, `vendor_name`, `vendor_city`, `vendor_state`, `bank_name`, `beneficiary_code`, `beneficiary_name`, `ifsc_code`, `customer_ref_no`, `pan_no`, `invoice_code`) VALUES
(666, 'N 131', 'DR PABBA MITHILA', NULL, NULL, NULL, '30142392413', NULL, 'SBIN0000847', NULL, NULL, 0),
(667, 'N 137', 'PRABHAKARAN K (TEA STALL)', NULL, NULL, NULL, '302401010006391', NULL, 'VIJB0003024', NULL, NULL, 0),
(668, 'N 184', 'PAWAN MEETAL (RENT -PORUR)', NULL, NULL, NULL, '10497306482', NULL, 'SBIN0001857', NULL, NULL, 0),
(669, 'N 220', 'PEERLESS BIO TECH', NULL, NULL, NULL, '60003004299', NULL, 'MAHB0001205', NULL, NULL, 0),
(670, 'N 301', 'PELIKAN OFFICE AUTOMOTION P LTD', NULL, NULL, NULL, '103602000001706', NULL, 'IOBA0001036', NULL, NULL, 0),
(671, 'N 291', 'PERFECT GRAPHIC SYSTEMS', NULL, NULL, NULL, '1346088555', NULL, 'CBIN0281426', NULL, NULL, 0),
(672, 'N 264', 'PRADIP KR HAZRA', NULL, NULL, NULL, '148010100159692', NULL, 'UTIB0000148', NULL, NULL, 0),
(673, 'N 144', 'G S PRAKASH (RENT )', NULL, NULL, NULL, '910020049251782', NULL, 'UTIB0000558', NULL, NULL, 0),
(674, 'N 064', 'J PRASANNA VIGNESH (HDFC )', NULL, NULL, NULL, '12971140005266', NULL, 'HDFC', NULL, NULL, 0),
(675, 'N 318', 'PRIYA  AGENCIES', NULL, NULL, NULL, '3262996351', NULL, 'CBIN0281431', NULL, NULL, 0),
(676, 'N 330', 'P V S LIFTS', NULL, NULL, NULL, '1629166000000365', NULL, 'KVBL0001629', NULL, NULL, 0),
(677, 'N 353', 'POLYMER MEDICAL SUPPLIERS', NULL, NULL, NULL, '6131964190', NULL, 'IDIB000V111', NULL, NULL, 0),
(678, 'N 361', 'PRADIP KUMAR MONDAL', NULL, NULL, NULL, '324501000002818', NULL, 'IOBA0003245', NULL, NULL, 0),
(679, 'N 377', 'P R P PAPERS', NULL, NULL, NULL, '0427357000000160', NULL, 'LAVB0000427', NULL, NULL, 0),
(680, 'N 385', 'PREMA TIMBER AND PLYWOODS', NULL, NULL, NULL, '3148348845', NULL, 'CBIN0281440', NULL, NULL, 0),
(681, 'N 048', 'PREETHI LAB SERVICE', NULL, NULL, NULL, '227902000000062', NULL, 'IOBA0002279', NULL, NULL, 0),
(682, 'N 422', 'POPULAR VEHICLES AND SERVICE', NULL, NULL, NULL, '014910100000191', NULL, 'DLXB0000149', NULL, NULL, 0),
(683, 'N 389', 'POLYGON ENGINEERS', NULL, NULL, NULL, '530601010038475', NULL, 'UBIN0553069', NULL, NULL, 0),
(684, 'N 412', 'PRIYANKA (INDRA NAGAR TYPIST)', NULL, NULL, NULL, '616608056', NULL, 'IDIB000J017', NULL, NULL, 0),
(685, 'N 416', 'POLYKAN ENGINEERS&CONTRACTOR', NULL, NULL, NULL, '5306010038475', NULL, 'UBIN0553069', NULL, NULL, 0),
(686, 'N 428', 'PREMIER PRINTER RIPPON', NULL, NULL, NULL, '', NULL, '', NULL, NULL, 0),
(687, 'N 438', 'PARKAVI', NULL, NULL, NULL, '', NULL, '', NULL, NULL, 0),
(688, 'N 526', 'POONGUZHALI AGENCY', NULL, NULL, NULL, '', NULL, '', NULL, NULL, 0),
(689, 'N 511', 'PADAM CHAND KOTHARI', NULL, NULL, NULL, '', NULL, '', NULL, NULL, 0),
(690, 'N 488', 'DR C PREM KUMAR', NULL, NULL, NULL, '', NULL, '', NULL, NULL, 0),
(691, 'N 480', 'PANAYAN', NULL, NULL, NULL, '', NULL, '', NULL, NULL, 0),
(692, 'N 453', 'PRATCO TECHNOLOGIES INDIA P LTD', NULL, NULL, NULL, '', NULL, '', NULL, NULL, 0),
(693, 'N 454', 'PALEOLITE', NULL, NULL, NULL, '', NULL, '', NULL, NULL, 0),
(694, 'N 545', 'PURUSOTHAMAN', NULL, NULL, NULL, '', NULL, '', NULL, NULL, 0),
(695, 'N 653', 'PARIMALA (DILIP-BANGALORE)', NULL, NULL, NULL, '', NULL, '', NULL, NULL, 0),
(696, 'N 619', 'PROGNOSTICS IN MED PVT LTD', NULL, NULL, NULL, '', NULL, '', NULL, NULL, 0),
(697, 'N 621', 'PERIATHAMBI AND SONS', NULL, NULL, NULL, '', NULL, '', NULL, NULL, 0),
(698, 'N 634', 'PREM LATHA AGARWAL', NULL, NULL, NULL, '', NULL, '', NULL, NULL, 0),
(699, 'N 653', 'PARIMALA V DILIP', NULL, NULL, NULL, '', NULL, '', NULL, NULL, 0),
(700, 'N 112', 'PREMIUM AQUA SERVICES P LTD', NULL, NULL, NULL, '', NULL, '', NULL, NULL, 0),
(701, 'N 059', 'PRABHU BALA GANAPATHY (KOVILPATTI)', NULL, NULL, NULL, '', NULL, '', NULL, NULL, 0),
(702, 'N 656', 'C PERUMAL', NULL, NULL, NULL, '', NULL, '', NULL, NULL, 0),
(703, 'N 666', 'PONDICHERY SOLID WASTE MANAGAMENT', NULL, NULL, NULL, '', NULL, '', NULL, NULL, 0),
(704, 'N 682', 'S P PALANIAPPAN &CO', NULL, NULL, NULL, '', NULL, '', NULL, NULL, 0),
(705, 'N 706', 'DR A PAVITHIRA (CHROMPET)', NULL, NULL, NULL, '', NULL, '', NULL, NULL, 0),
(706, 'N 719', 'PHANI RAJA GANESH-HYDRABAD', NULL, NULL, NULL, '', NULL, '', NULL, NULL, 0),
(707, 'N 723', 'PRIDE OFFICE SOLUTION', NULL, NULL, NULL, '', NULL, '', NULL, NULL, 0),
(708, 'N 760', 'PENIEL HR SOLUTION', NULL, NULL, NULL, '', NULL, '', NULL, NULL, 0),
(709, 'N 763', 'P K FURNITURE WORKS', NULL, NULL, NULL, '', NULL, '', NULL, NULL, 0),
(710, 'N 775', 'PRAKASH CHAND MALLESWARAM', NULL, NULL, NULL, '', NULL, '', NULL, NULL, 0),
(711, 'N 805', 'PREETHI SHOBANA BOREWELL PIPE', NULL, NULL, NULL, '', NULL, '', NULL, NULL, 0),
(712, 'N 823', 'PALEO BOOK PUBLICATIONS', NULL, NULL, NULL, '', NULL, '', NULL, NULL, 0),
(713, 'N 830', 'E PURUSOTHAMAN', NULL, NULL, NULL, '', NULL, '', NULL, NULL, 0),
(714, 'N 844', 'PANDI MEENA (TUTION FEES)', NULL, NULL, NULL, '', NULL, '', NULL, NULL, 0),
(715, 'N 845', 'PRABHAKAR (TAMBARAM WORK)', NULL, NULL, NULL, '', NULL, '', NULL, NULL, 0),
(716, 'N 876', 'PRIMAA MARKETING CORPORATION', NULL, NULL, NULL, '', NULL, '', NULL, NULL, 0),
(717, 'N 880', 'PRILAM TRADING CORPORATION', NULL, NULL, NULL, '', NULL, '', NULL, NULL, 0),
(718, 'N 896', 'PUSHYA MARKETING', NULL, NULL, NULL, '', NULL, '', NULL, NULL, 0),
(725, 'N 143', 'QUEST TELERADIOLOGY', NULL, NULL, NULL, '1594002100005711', NULL, 'PUNB0159400', NULL, NULL, 0),
(726, 'N 311', 'QUASAR INFO TEK P LTD', NULL, NULL, NULL, '911020025036201', NULL, 'UTIB0000620', NULL, NULL, 0),
(727, 'N 588', 'QUALITY COUNCIL OF INDIA', NULL, NULL, NULL, '', NULL, '', NULL, NULL, 0),
(735, 'N 328', 'RICOH INDIA LTD', NULL, NULL, NULL, '10640562762', NULL, 'SBIN0003207', NULL, NULL, 0),
(736, 'N 034', 'RADIANT CASH MANAGEMENT ', NULL, NULL, NULL, '000905023909', NULL, 'ICIC000009', NULL, NULL, 0),
(737, '', 'RELIABLE OFFICE SUPPLIERS', NULL, NULL, NULL, '', NULL, '', NULL, NULL, 0),
(738, 'N 043', 'DR R V ANAND', NULL, NULL, NULL, '036010021030316', NULL, 'ANDB000360', NULL, NULL, 0),
(739, 'N 011', 'DR K V RAJESWARI', NULL, NULL, NULL, '17440100000016', NULL, 'IOBA0001744', NULL, NULL, 0),
(740, 'N 054', 'RAMANA (RENT )', NULL, NULL, NULL, '302401011003547', NULL, 'VIJB0003024', NULL, NULL, 0),
(741, 'N 071', 'RAMACHANDRER (PROMOTI)_', NULL, NULL, NULL, '00041050257405', NULL, 'HDFC', NULL, NULL, 0),
(742, 'N 388', 'RAVICHANDER (PROMOTI )', NULL, NULL, NULL, '101876560986', NULL, 'SBIN0001741', NULL, NULL, 0),
(743, 'N 083', 'DR RANEESH', NULL, NULL, NULL, '', NULL, '', NULL, NULL, 0),
(744, '', 'M RAJEAWARI (STAFF )', NULL, NULL, NULL, '', NULL, '', NULL, NULL, 0),
(745, 'N 157', 'R K S INDUSTRIES', NULL, NULL, NULL, '179102000000218', NULL, 'IOBA0001791', NULL, NULL, 0),
(746, 'N 114', 'RADDOG LIVE TELESOLUTIONS', NULL, NULL, NULL, '917020040667358', NULL, 'UTIB0000231', NULL, NULL, 0),
(747, 'N 149', 'R M DIAGNOSTICS', NULL, NULL, NULL, '0436351000000654', NULL, 'LAVB0000436', NULL, NULL, 0),
(748, 'N 151', 'R K AGENCY', NULL, NULL, NULL, '3614008700536371', NULL, 'PUNB0361400', NULL, NULL, 0),
(749, 'N 152', 'RAJU ELECTRICALS', NULL, NULL, NULL, '086802000000328', NULL, 'IOBA0000868', NULL, NULL, 0),
(750, 'N 173', 'R RANGASAMY (SRS LOGISTICS )', NULL, NULL, NULL, '422294637', NULL, 'IDIB000N023', NULL, NULL, 0),
(751, 'N 072', 'RAVI ( RAVI CHANDRAN (PROMOTION)', NULL, NULL, NULL, '1157155000107824', NULL, 'KVBL0001157', NULL, NULL, 0),
(752, 'N 203', 'RINA DEY  (PROMOTIONAL CHARGES )', NULL, NULL, NULL, '11884845350', NULL, 'SBIN0009717', NULL, NULL, 0),
(753, 'N 227', 'R V METROPOLIS DIAGNOSTIC', NULL, NULL, NULL, '0787201012196', NULL, 'CNRB0000787', NULL, NULL, 0),
(754, 'N 238', 'RAJESWARI (LAB TECHNICIAN ) JAYANAGAR', NULL, NULL, NULL, '20251859818', NULL, 'SBIN000859', NULL, NULL, 0),
(755, 'N 268', 'DR ROHITHA PROMOTION', NULL, NULL, NULL, '30062916937', NULL, 'SBIN0007996', NULL, NULL, 0),
(756, 'N 270', 'RAHYALS SECURIVESTA INDIA P LTD', NULL, NULL, NULL, '916030017421149', NULL, 'UTIB0000327', NULL, NULL, 0),
(757, 'N 284', 'RAMESH (CAUTION DEPOSIT)', NULL, NULL, NULL, '', NULL, '', NULL, NULL, 0),
(758, 'N 274', 'RIPPLES', NULL, NULL, NULL, '915020020704127', NULL, 'UTIB0001372', NULL, NULL, 0),
(759, 'N 275', 'RAJENDIRAN K', NULL, NULL, NULL, '32882876600', NULL, 'SBIN0012934', NULL, NULL, 0),
(760, 'N 272', 'R N PRINTS', NULL, NULL, NULL, '510909010055862', NULL, 'CIUB0000304', NULL, NULL, 0),
(761, 'N 200', 'RAHYALS MED INDIA P LTD', NULL, NULL, NULL, '916030017439739', NULL, 'UTIB0000327', NULL, NULL, 0),
(762, 'N 355', 'RAJESWARI  (B R D MAX)', NULL, NULL, NULL, '000101056052', NULL, 'ICIC0000001', NULL, NULL, 0),
(763, 'N 401', 'RAJKUMAR (NABL)', NULL, NULL, NULL, '910010017318117', NULL, 'UTIB0000234', NULL, NULL, 0),
(764, 'N 459', 'RELIABLE OFFICE - SUPPLIERS', NULL, NULL, NULL, '', NULL, '', NULL, NULL, 0),
(765, 'N 513', 'RAMADOSS D', NULL, NULL, NULL, '', NULL, '', NULL, NULL, 0),
(766, 'N 499', 'RAMESH K', NULL, NULL, NULL, '', NULL, '', NULL, NULL, 0),
(767, 'N 521', 'TEAM SOLUTIONS (REKHA)', NULL, NULL, NULL, '', NULL, '', NULL, NULL, 0),
(768, 'N 489', 'RAJESH KANNAN (RECURITMENT CHARGES )', NULL, NULL, NULL, '', NULL, '', NULL, NULL, 0),
(769, 'N 471 ', 'RAMESH BABU D', NULL, NULL, NULL, '', NULL, '', NULL, NULL, 0),
(770, 'N 612', 'RUDRA E STORE SOLUTION', NULL, NULL, NULL, '', NULL, '', NULL, NULL, 0),
(771, 'N 452', 'RAMAMOORTHY', NULL, NULL, NULL, '', NULL, '', NULL, NULL, 0),
(772, 'N 557', 'RAMYA SURESH (FRANCHISE-PILIYANGUDI)', NULL, NULL, NULL, '', NULL, '', NULL, NULL, 0),
(773, 'N 612', 'RUDRA E STORES SUPPLIERS', NULL, NULL, NULL, '', NULL, '', NULL, NULL, 0),
(774, 'N 401', 'S RAJKUMAR (NABL)', NULL, NULL, NULL, '910010017318717', NULL, 'UTIB0000234', NULL, NULL, 0),
(775, 'N 463', 'RADWIN TELERADIOLOGY', NULL, NULL, NULL, '', NULL, '', NULL, NULL, 0),
(776, 'N 464', 'RECORDING AND MEDICAL SYSTEMS', NULL, NULL, NULL, '', NULL, '', NULL, NULL, 0),
(777, 'N 661', 'S RAJU (UTTRAHALLI)', NULL, NULL, NULL, '', NULL, '', NULL, NULL, 0),
(778, 'N 667', 'ROTARY CLUB OF CHENNAI', NULL, NULL, NULL, '', NULL, '', NULL, NULL, 0),
(779, 'N 674', 'REALM DIAGNOSTICS', NULL, NULL, NULL, '', NULL, '', NULL, NULL, 0),
(780, 'N 678', 'ROYAL ENTERPRISES', NULL, NULL, NULL, '', NULL, '', NULL, NULL, 0),
(781, 'N 710', 'RADIANT SPECIALITY DIAGNOSTIC', NULL, NULL, NULL, '', NULL, '', NULL, NULL, 0),
(782, 'N 734', 'RADARATORY TECHNOLOGIES P LTD', NULL, NULL, NULL, '', NULL, '', NULL, NULL, 0),
(783, 'N 756', 'RAPPID DIAGNOSTICS P LTD', NULL, NULL, NULL, '', NULL, '', NULL, NULL, 0),
(784, 'N 782', 'RADARATORY TECHNOLOGIES PVT LTD', NULL, NULL, NULL, '', NULL, '', NULL, NULL, 0),
(785, 'N 786', 'RAMA ELECTRICALS', NULL, NULL, NULL, '', NULL, '', NULL, NULL, 0),
(786, 'N 788', 'RAMESH S STAFF CT TECHNICIAN', NULL, NULL, NULL, '', NULL, '', NULL, NULL, 0),
(787, 'N 792', 'RAMESH -PAMPLETS INSERT PAPER', NULL, NULL, NULL, '', NULL, '', NULL, NULL, 0),
(788, 'N 815', 'RAJI CLASS AND PLYWOODS', NULL, NULL, NULL, '', NULL, '', NULL, NULL, 0),
(789, 'N 831', 'RADIOREADS SOLUTION', NULL, NULL, NULL, '', NULL, '', NULL, NULL, 0),
(790, 'N 837', 'RAYAL NEWS PAPER AGENCY', NULL, NULL, NULL, '', NULL, '', NULL, NULL, 0),
(791, 'N 840', 'RAYAN TILES BAZZAR', NULL, NULL, NULL, '', NULL, '', NULL, NULL, 0),
(792, 'N 842', 'RAVI WATER BOTTLE (NANDHINI MILK SHOPPE)', NULL, NULL, NULL, '', NULL, '', NULL, NULL, 0),
(793, 'N 864', 'RAJU M V UTTARAHALLI H/K', NULL, NULL, NULL, '', NULL, '', NULL, NULL, 0),
(794, 'N 881', 'RISHIMUKESH DR EDU COAHCING -CHITRA', NULL, NULL, NULL, '', NULL, '', NULL, NULL, 0),
(795, 'N 883 ', 'RAYAN MARKETING', NULL, NULL, NULL, '', NULL, '', NULL, NULL, 0),
(796, 'N 892', 'RAMAMOORTHY -VELACHERY  NIGHT TEA EXP', NULL, NULL, NULL, '', NULL, '', NULL, NULL, 0),
(797, 'N 905', 'RAYAL NEWS PAPER - AGENCY', NULL, NULL, NULL, '', NULL, '', NULL, NULL, 0),
(808, 'N 324', 'B N SRIKANTHIAH AND SONS', NULL, NULL, NULL, 'OCC6034771685', NULL, 'IDIB000J017', NULL, NULL, 0),
(809, 'N 319', 'SEETHA LAKSHMI AGEHCIES', NULL, NULL, NULL, '1577000600003601', NULL, 'KARB0000157', NULL, NULL, 0),
(810, 'N 315', 'S B I CREDIT CARD (V G R)', NULL, NULL, NULL, '4335877864314421', NULL, 'SBIN00CARDS', NULL, NULL, 0),
(811, 'N 314', 'S B AGENCY', NULL, NULL, NULL, '510909010019712', NULL, 'CIUB0000361', NULL, NULL, 0),
(812, 'N 039', 'SRI PUSHKARA AGENGIES', NULL, NULL, NULL, '31620200000534', NULL, 'BARB', NULL, NULL, 0),
(814, 'N 090', 'SRI PARSHVA DRUG HOUSE', NULL, NULL, NULL, '142044040220', NULL, 'KKBK0000958', NULL, NULL, 0),
(815, 'N 098&172', 'S R LAB PRODUCTS', NULL, NULL, NULL, '0110081000001928', NULL, 'SIBL0000110', NULL, NULL, 0),
(816, 'N 099', 'V SEENIVASAN', NULL, NULL, NULL, '20361862601', NULL, 'SBIN0000859', NULL, NULL, 0),
(817, 'N 105', 'SRI MAHESWARI SILKS', NULL, NULL, NULL, '000502000003504', NULL, 'IOBA0000005', NULL, NULL, 0),
(818, 'N 106', 'SRI SARAVANA ELECTRICALS SERVICE', NULL, NULL, NULL, '11000200020524', NULL, 'FDRL0001100', NULL, NULL, 0),
(819, 'N 115', 'SAM AGENCY', NULL, NULL, NULL, '250000805370', NULL, 'INDB0000822', NULL, NULL, 0),
(820, 'N 161', 'SUKRAA SOFTWARE', NULL, NULL, NULL, '6122387768', NULL, 'IDIB000K040', NULL, NULL, 0),
(821, 'N 177', 'N SIVAKUMAR (FURN POINT )', NULL, NULL, NULL, '1281101039098', NULL, 'CNRB0001281', NULL, NULL, 0),
(822, 'N 182', 'S M K STORES', NULL, NULL, NULL, '50200012608083', NULL, '', NULL, NULL, 0),
(823, 'N 188', 'M SAILAJA (RENT -VADAPALANI )', NULL, NULL, NULL, '116300101001914', NULL, 'CORP0001163', NULL, NULL, 0),
(824, 'N 196', 'SRI RENUGAMBA ENTERPRISES', NULL, NULL, NULL, '337401601000059', NULL, '', NULL, NULL, 0),
(825, 'N 209', 'SCHILLER HEALTHCARE INDIA P LTD', NULL, NULL, NULL, '00600120000282', NULL, 'HDFC', NULL, NULL, 0),
(826, 'N 229', 'SIVASAKTHI ENTERPRISES', NULL, NULL, NULL, '802920110000081', NULL, 'BKID0008029', NULL, NULL, 0),
(827, 'N 241', 'SIFY TECHNOLOGIES(OLD NO)', NULL, NULL, NULL, '11901173901', NULL, 'SBIN0004285', NULL, NULL, 0),
(828, 'N 269 ', 'SRE SYSTEMS P LTD', NULL, NULL, NULL, '395705040064031', NULL, 'UBIN0539571', NULL, NULL, 0),
(829, 'N 295', 'SHANMUGAVALLI  (C M SCHEME )', NULL, NULL, NULL, '33474374325', NULL, 'SBIN0013065', NULL, NULL, 0),
(830, 'N 298', 'SRI BALAJI HARDWARES', NULL, NULL, NULL, '1619102000004688', NULL, 'IBKL0001619', NULL, NULL, 0),
(831, 'N 305', 'SILAMBARASAN (DRIVER BATA )', NULL, NULL, NULL, '2504131000562', NULL, 'CNRB0002504', NULL, NULL, 0),
(832, 'N 289', 'SORNAM GRAPIKS', NULL, NULL, NULL, '0910261010249', NULL, 'CNRB0000910', NULL, NULL, 0),
(833, 'N 262', 'SHANMUGAM CAUTION DEPOSIT', NULL, NULL, NULL, '20251861566', NULL, 'SBIN0000859', NULL, NULL, 0),
(834, 'N 263', 'S K TELE SYSTEMS', NULL, NULL, NULL, '802720110000438', NULL, 'BKID0008027', NULL, NULL, 0),
(835, 'N 250', 'SRI GANESH ELECTRICAL SERVICE', NULL, NULL, NULL, '11000200020524', NULL, 'FDRL0001100', NULL, NULL, 0),
(836, 'N 239', 'SUDALAI KANI  (STIFUND )', NULL, NULL, NULL, '29900100011189', NULL, 'BARB0VADAPA', NULL, NULL, 0),
(837, 'N 211', 'SAJU M P (TEA EXP )', NULL, NULL, NULL, '', NULL, '', NULL, NULL, 0),
(838, 'N 212', 'SRI KRISHNA N M (JAYANAGAR )', NULL, NULL, NULL, '54059945342', NULL, 'SBIN0040675', NULL, NULL, 0),
(839, 'N 213', 'SREE LAKSHMIVENKATESWARA WATER ', NULL, NULL, NULL, '114010200017444', NULL, 'UTIB0000114', NULL, NULL, 0),
(840, 'N 204', 'SAG INFOTECH PVT LTD', NULL, NULL, NULL, '133801000010956', NULL, 'IOBA0001338', NULL, NULL, 0),
(841, 'N 194', 'SAROJA ENTERPRISES(OLD)', NULL, NULL, NULL, '1158129000000062', NULL, 'KVBL0001158', NULL, NULL, 0),
(842, 'N 219', 'SENTHUR ENTERPRISES', NULL, NULL, NULL, '417076206', NULL, 'IDIB000T115', NULL, NULL, 0),
(843, 'N 174', 'SRI PUSHKARA AGENCIES', NULL, NULL, NULL, '31620200000534', NULL, 'BARB', NULL, NULL, 0),
(844, 'N 175', 'S P R  DISTRIBUTORS', NULL, NULL, NULL, '142700060750033', NULL, 'TMBL0000142', NULL, NULL, 0),
(845, 'N 086', 'SBRO SYSTEMS', NULL, NULL, NULL, '62260279120', NULL, 'SBHY0020732', NULL, NULL, 0),
(846, 'N 081', 'SAM - AGENCY', NULL, NULL, NULL, '25000805370', NULL, 'INDB0000822', NULL, NULL, 0),
(847, 'N 077', 'SUSHNTA BANIK (PROMOTI )', NULL, NULL, NULL, '167501000015588', NULL, 'IOBA0001675', NULL, NULL, 0),
(848, 'N 078', 'SAI BABA BUSINESS SOLUTION ', NULL, NULL, NULL, '049101601001532', NULL, 'CORP0000491', NULL, NULL, 0),
(849, 'N 073', 'SANTHARAM (PROMOTI )', NULL, NULL, NULL, '332902010715607', NULL, 'UBIN0533297', NULL, NULL, 0),
(850, 'N 074', 'SURESH KUMAR (PROMOTI )', NULL, NULL, NULL, '20203009016', NULL, 'SBIN0001603', NULL, NULL, 0),
(851, 'N 059', 'SUN MAINTENANCE(OLD)', NULL, NULL, NULL, '0972201012504', NULL, 'CNRB0000972', NULL, NULL, 0),
(852, 'N 060', 'SAKSHAM DIAGNOSTICS (P) LTD', NULL, NULL, NULL, '055520110000051', NULL, 'BKID0000555', NULL, NULL, 0),
(853, 'N 063', 'M SIVAKUMAR (VEHILE MAINT)', NULL, NULL, NULL, '630104000037040', NULL, 'IBKL0000630', NULL, NULL, 0),
(855, 'N 012', 'DR M SARAVANAN', NULL, NULL, NULL, '745762983', NULL, 'IDIB000T130', NULL, NULL, 0),
(856, 'N 013', 'DR T SIVABALAN', NULL, NULL, NULL, '829303549', NULL, 'IDIB000A134', NULL, NULL, 0),
(857, 'N 014', 'DR L SRIRAM  ', NULL, NULL, NULL, '06871140003327', NULL, 'HDFC0001851', NULL, NULL, 0),
(858, 'N 008', 'SIVARAJ (PROMOTIONAL CHARGES )', NULL, NULL, NULL, '6519518363', NULL, 'IDIB000M164', NULL, NULL, 0),
(859, 'N 030', 'SKYLINE COMPUTERS', NULL, NULL, NULL, '403596797', NULL, 'IDIB000C040', NULL, NULL, 0),
(860, 'N 031', 'SKYLARK INFORMATION TECHNOLOGIES', NULL, NULL, NULL, '912020059105356', NULL, 'UTIB0000866', NULL, NULL, 0),
(861, 'N 041', 'SANKAR GORAI', NULL, NULL, NULL, '20238746153', NULL, 'SBIN0012400', NULL, NULL, 0),
(862, 'N 044', 'SHINE ENTERPRISES', NULL, NULL, NULL, '1769115000001012', NULL, 'KVBL0001769', NULL, NULL, 0),
(863, 'N 050', 'SKYLINK TECHNOLOGIES', NULL, NULL, NULL, '034100050170421', NULL, 'TMBL0000034', NULL, NULL, 0),
(864, 'N 312', 'SBI CERRDIT CARD (DR PRASANNA )', NULL, NULL, NULL, '4006676017604821', NULL, 'SBI CARDS', NULL, NULL, 0),
(865, 'N 325', 'SOMANATH (NABH)', NULL, NULL, NULL, '20230822112', NULL, 'SBIN0007117', NULL, NULL, 0),
(866, 'N 329', 'SINOATRIAL MEDICAL', NULL, NULL, NULL, '', NULL, '', NULL, NULL, 0),
(867, 'N 332', 'SANJAY BULK  SMS', NULL, NULL, NULL, '10611132000062', NULL, 'ORBC0101061', NULL, NULL, 0),
(868, 'N 336', 'SENTHIL BATTERY SERVICES', NULL, NULL, NULL, '800520110000022', NULL, 'BKID0008005', NULL, NULL, 0),
(869, 'N 349', 'SUGAN UNIFORMS', NULL, NULL, NULL, '055711100004809', NULL, 'ANDB0000557', NULL, NULL, 0),
(870, 'N 351', 'SIEMENS HEALTHCARE P LTD', NULL, NULL, NULL, '0676262000', NULL, 'DEVT0784BBY', NULL, NULL, 0),
(871, 'N 358', 'SPACE TWO HOST WEB SERVICE', NULL, NULL, NULL, '007705007046', NULL, 'ICIC0000077', NULL, NULL, 0),
(872, 'N 376', 'SAKTHI VINAYAGA ENTERPRISES', NULL, NULL, NULL, '200999581850', NULL, 'INDB0000381', NULL, NULL, 0),
(873, 'N 380', 'SRIPATHI PRINT', NULL, NULL, NULL, '051111024002', NULL, '', NULL, NULL, 0),
(874, 'N 381', 'SIVAKUMAR (LABOUR CHARGES)', NULL, NULL, NULL, '579002010007985', NULL, 'UBIN0557901', NULL, NULL, 0),
(875, 'N 383', 'SANDOR MEDICAID P LTD', NULL, NULL, NULL, '000805001661', NULL, 'ICIC0000008', NULL, NULL, 0),
(876, 'N 384', 'SUDHAGAR BIOLOGICAL AND CHEMICALS', NULL, NULL, NULL, '960124003', NULL, 'IDIB000P024', NULL, NULL, 0),
(877, 'N 386', 'SAE ONSOFTTECH P LTD', NULL, NULL, NULL, '18512000000675', NULL, 'HDFC', NULL, NULL, 0),
(878, 'N 387', 'SYSMEX INDIA P LTD', NULL, NULL, NULL, '008554', NULL, '', NULL, NULL, 0),
(879, 'N 159', 'S R PHARMA AGENCIES', NULL, NULL, NULL, '01000210001653', NULL, 'UCBA0000100', NULL, NULL, 0),
(880, 'N 158', 'SAGAR COMPUTERS', NULL, NULL, NULL, '33026018629', NULL, 'SBIN0002202', NULL, NULL, 0),
(881, 'N 045', 'DR SIVACHANDRAN', NULL, NULL, NULL, '1258174000001803', NULL, 'KVBL0001258', NULL, NULL, 0),
(882, 'N 047', 'SRI SARASWATHI ENTERPRISES', NULL, NULL, NULL, '038109000077476', NULL, 'CIUB0000038', NULL, NULL, 0),
(883, 'N 103', 'SUN MEDICA', NULL, NULL, NULL, '913030036924280', NULL, 'UTIB0001165', NULL, NULL, 0),
(884, 'N 424', 'SRI KALPANA ENTERPRISES', NULL, NULL, NULL, '823920110000380', NULL, 'BKID0008239', NULL, NULL, 0),
(885, 'N 395', 'SRI SIVASANKARI RICE MANDY', NULL, NULL, NULL, '913030038896859', NULL, 'UTIB0001165', NULL, NULL, 0),
(886, 'N 405', 'DR K SIVAKUMAR', NULL, NULL, NULL, '50100118900932', NULL, 'HDFC0000688', NULL, NULL, 0),
(887, 'N 408', 'DR N SURENDRAN', NULL, NULL, NULL, '104001001209540', NULL, 'CIUB0000104', NULL, NULL, 0),
(888, 'N 414', 'M SANKARAKUMAR (STAFF)', NULL, NULL, NULL, '20251857276', NULL, 'SBIN0000859', NULL, NULL, 0),
(889, 'N 415', 'SEKARAN', NULL, NULL, NULL, '430976902', NULL, 'IDIB000N033', NULL, NULL, 0),
(890, 'N 418', 'SIVAKUMAR (GRANITE)', NULL, NULL, NULL, '579002010007985', NULL, 'UBIN0557901', NULL, NULL, 0),
(891, 'N 432', 'DR SUVAR CHALA', NULL, NULL, NULL, '', NULL, '', NULL, NULL, 0),
(892, 'N 442', 'SUPATH HEALTH CARE SERVICES', NULL, NULL, NULL, '', NULL, '', NULL, NULL, 0),
(893, 'N 458', 'SRI LAKSHMI ENGINEERING WORKS', NULL, NULL, NULL, '', NULL, '', NULL, NULL, 0),
(894, 'N 460', 'SHALAKSHMI CHAND NETHAJI SONS', NULL, NULL, NULL, '', NULL, '', NULL, NULL, 0),
(895, 'N 465', 'SUJAYALAKSHYMI J S', NULL, NULL, NULL, '', NULL, '', NULL, NULL, 0),
(896, 'N 466', 'S K S SARAVANA MUTHU &BROR', NULL, NULL, NULL, '', NULL, '', NULL, NULL, 0),
(897, 'N 467', 'SHIVAKUMAR GAUD', NULL, NULL, NULL, '', NULL, '', NULL, NULL, 0),
(898, 'N 469', 'SIVAKUMAR S', NULL, NULL, NULL, '', NULL, '', NULL, NULL, 0),
(899, 'N 469', 'SHOBA B', NULL, NULL, NULL, '', NULL, '', NULL, NULL, 0),
(900, 'N 470', 'SHOBANA D', NULL, NULL, NULL, '', NULL, '', NULL, NULL, 0),
(901, 'N 484', 'SHREE BHAVAANI AGENCY', NULL, NULL, NULL, '', NULL, '', NULL, NULL, 0),
(902, 'N 486', 'SUN INSTITUTE OF HEALTH SCIENCE', NULL, NULL, NULL, '', NULL, '', NULL, NULL, 0),
(903, 'N 491', 'SRINIVAS BANGALORE VENKATARA', NULL, NULL, NULL, '', NULL, '', NULL, NULL, 0),
(904, 'N 496', 'SUNDARI R', NULL, NULL, NULL, '', NULL, '', NULL, NULL, 0),
(905, 'N 501', 'SESKCO', NULL, NULL, NULL, '', NULL, '', NULL, NULL, 0),
(906, 'N 503', 'SRI RATNA ENGINEERING COMPANY', NULL, NULL, NULL, '', NULL, '', NULL, NULL, 0),
(907, 'N 504', 'SUN RADIOLOGICAL SERVICES', NULL, NULL, NULL, '', NULL, '', NULL, NULL, 0),
(908, 'N 510', 'SUKIBAI', NULL, NULL, NULL, '', NULL, '', NULL, NULL, 0),
(909, 'N 522', 'SUMAN ELECTRICAL AGENCIES', NULL, NULL, NULL, '', NULL, '', NULL, NULL, 0),
(910, 'N 525', 'SUBRAMANIAN-FRANCHISE', NULL, NULL, NULL, '', NULL, '', NULL, NULL, 0),
(911, 'N 527', 'SAROJA ENTERPRISES', NULL, NULL, NULL, '', NULL, '', NULL, NULL, 0),
(912, 'N 536', 'SELVARAJ LEENA ADS DIGITAL PRINTERS', NULL, NULL, NULL, '', NULL, '', NULL, NULL, 0),
(913, 'N 539', 'SHUNMUGA SUNDAARAM', NULL, NULL, NULL, '', NULL, '', NULL, NULL, 0),
(914, 'N 542', 'GKM SUTHAKAR(VISA PROCESSING', NULL, NULL, NULL, '', NULL, '', NULL, NULL, 0),
(915, 'N 444', 'P SARAVANA', NULL, NULL, NULL, '', NULL, '', NULL, NULL, 0),
(916, 'N 383', 'SANDOR MEDICAIDS P LTD', NULL, NULL, NULL, '', NULL, '', NULL, NULL, 0),
(917, 'N 551', 'A SELVARAJ(FRANCHISE THIRUVALLUR)', NULL, NULL, NULL, '', NULL, '', NULL, NULL, 0),
(918, 'N 555', 'SELVARASU (GAS)MESS', NULL, NULL, NULL, '', NULL, '', NULL, NULL, 0),
(919, 'N 556', 'SHARAN TRUST', NULL, NULL, NULL, '', NULL, '', NULL, NULL, 0),
(920, 'N 574', 'SAROJ DEVI MARATHI', NULL, NULL, NULL, '', NULL, '', NULL, NULL, 0),
(921, 'N 578', 'SUBRAMANIAN MARKETING EXPENSES', NULL, NULL, NULL, '', NULL, '', NULL, NULL, 0),
(922, 'N 580', 'SKR INDUSTRIES', NULL, NULL, NULL, '', NULL, '', NULL, NULL, 0),
(923, 'N 603', 'SUNDAR B (LEGAL FEES)', NULL, NULL, NULL, '', NULL, '', NULL, NULL, 0),
(924, 'N 608', 'SWIFT ENGINEERING', NULL, NULL, NULL, '', NULL, '', NULL, NULL, 0),
(925, 'N 609', 'SEKAR M', NULL, NULL, NULL, '', NULL, '', NULL, NULL, 0),
(926, 'N 610', 'SIVARANJANI(STAFF)', NULL, NULL, NULL, '', NULL, '', NULL, NULL, 0),
(927, 'N 241', 'SIFY TECHNOLOGIES LTD(NEW)', NULL, NULL, NULL, '36153248690', NULL, 'SBIN0007024', NULL, NULL, 0),
(928, 'N 608', 'SWIFT - ENGINEERING', NULL, NULL, NULL, '024502000001914', NULL, 'IOBA0000245', NULL, NULL, 0),
(929, 'N 616', 'SOUTHEREM COIL INDUSTRIES', NULL, NULL, NULL, '', NULL, '', NULL, NULL, 0),
(930, 'N 623', 'STANPATH STANLEY MEDICAL COLLEGE', NULL, NULL, NULL, '', NULL, '', NULL, NULL, 0),
(931, 'N 626', 'SHRI GANESH ENTERPRISES', NULL, NULL, NULL, '', NULL, '', NULL, NULL, 0),
(932, 'N 639', 'SRI AMMAN TRADERS', NULL, NULL, NULL, '', NULL, '', NULL, NULL, 0),
(933, 'N 641', 'SANJAY FABRICATORS', NULL, NULL, NULL, '', NULL, '', NULL, NULL, 0),
(934, 'N 645', 'S S CERAMIC TILES -SUBRAMANIAN', NULL, NULL, NULL, '', NULL, '', NULL, NULL, 0),
(935, 'N 651', 'SUSHMA  HYDRABAD', NULL, NULL, NULL, '', NULL, '', NULL, NULL, 0),
(936, 'N 652', 'SAHASRA REDDY HYDRABAD', NULL, NULL, NULL, '', NULL, '', NULL, NULL, 0),
(937, 'NEW', 'SKYLINK - TECHNOLOGIES', NULL, NULL, NULL, '36153248690', NULL, 'SBIN0007024', NULL, NULL, 0),
(938, 'NEW', 'SUN MAINTENANCE(NEW)', NULL, NULL, NULL, '024502000001914', NULL, 'IOBA0000245', NULL, NULL, 0),
(939, 'N 671', 'SAI BALAJI FACILITY MANAGEMENT', NULL, NULL, NULL, '50100186105650', NULL, 'HDFC0002082', NULL, NULL, 0),
(940, '', '    (    B H SURESH BABU)', NULL, NULL, NULL, '', NULL, '', NULL, NULL, 0),
(941, '', 'SURESH(K GIRI)', NULL, NULL, NULL, '6032828376', NULL, 'IDIB000P037', NULL, NULL, 0),
(942, 'N 658', 'SENTHILKUMAR', NULL, NULL, NULL, '', NULL, '', NULL, NULL, 0),
(943, 'N 659', 'SAN INDIA', NULL, NULL, NULL, '', NULL, '', NULL, NULL, 0),
(944, 'N 664', 'SKY KING AGENCIES', NULL, NULL, NULL, '', NULL, '', NULL, NULL, 0),
(945, 'N 670', 'SIMPLITY WELLFARE INDIA P LTD', NULL, NULL, NULL, '', NULL, '', NULL, NULL, 0),
(946, 'N 675', 'SENE BIO SENSONS INDIA', NULL, NULL, NULL, '', NULL, '', NULL, NULL, 0),
(947, 'N 679', 'SAI DISHA DIAGNOSTICS', NULL, NULL, NULL, '', NULL, '', NULL, NULL, 0),
(948, 'N 680', 'SMILE DENTAL HOSPITAL', NULL, NULL, NULL, '', NULL, '', NULL, NULL, 0),
(949, 'N 681', 'SATHISH MURUGAN( DOOR LOCK)', NULL, NULL, NULL, '', NULL, '', NULL, NULL, 0),
(950, 'N 686', 'SATHIYA PRIYA (FINANCE  VPL)', NULL, NULL, NULL, '', NULL, '', NULL, NULL, 0),
(951, 'N 688', 'SEKAR  M (PAINTING)', NULL, NULL, NULL, '', NULL, '', NULL, NULL, 0),
(952, 'N 689', 'SRI RAMAN ENTERPRISES', NULL, NULL, NULL, '', NULL, '', NULL, NULL, 0),
(953, 'N 691', 'SRI SAI BALAJI LAB SUPPLIERS', NULL, NULL, NULL, '', NULL, '', NULL, NULL, 0),
(954, 'N 692', 'SRI LAKSHMI HARDWARES', NULL, NULL, NULL, '', NULL, '', NULL, NULL, 0),
(955, 'N 698', 'SASHAM BIOLOGICALS P LTD', NULL, NULL, NULL, '', NULL, '', NULL, NULL, 0),
(956, 'N 702', 'SRI RATNA ENGINEERING-COMPANY', NULL, NULL, NULL, '', NULL, '', NULL, NULL, 0),
(957, 'N 704', 'SURESH BABU(INDRANAGAR VEGETABLE)', NULL, NULL, NULL, '', NULL, '', NULL, NULL, 0),
(958, 'N 707', 'S V ENTERPRISES', NULL, NULL, NULL, '', NULL, '', NULL, NULL, 0),
(959, 'N 714', 'SRI KRISHNA SWEETS', NULL, NULL, NULL, '', NULL, '', NULL, NULL, 0),
(960, 'N 715', 'S R LIMITED', NULL, NULL, NULL, '', NULL, '', NULL, NULL, 0),
(961, 'N 716', 'SHAIK JAVEED (HYDRABAD)', NULL, NULL, NULL, '', NULL, '', NULL, NULL, 0),
(962, 'N 730', 'SARWAT AIR ENGG P LTD', NULL, NULL, NULL, '', NULL, '', NULL, NULL, 0),
(963, 'N 736', 'SAI BALAJI FACILITY - MANAGEMENT', NULL, NULL, NULL, '', NULL, '', NULL, NULL, 0),
(964, 'N 737', 'K SUMATHI', NULL, NULL, NULL, '', NULL, '', NULL, NULL, 0),
(965, 'N 739', 'SRI HARI DECARATORS', NULL, NULL, NULL, '', NULL, '', NULL, NULL, 0),
(966, 'N 740', 'SRI LAKSHMI ELECTRICAL&HARD WARES', NULL, NULL, NULL, '', NULL, '', NULL, NULL, 0),
(967, 'N 746', 'SUBBARAO HYDRABAD (MESS PROVISION)', NULL, NULL, NULL, '', NULL, '', NULL, NULL, 0),
(968, 'N 759', 'SRI MURUGAN ENTERPRISES', NULL, NULL, NULL, '', NULL, '', NULL, NULL, 0),
(969, 'N 761', 'SRI SAI AGENCIES', NULL, NULL, NULL, '', NULL, '', NULL, NULL, 0),
(970, 'N 762', 'S E V TILES COMPANY LTD', NULL, NULL, NULL, '', NULL, '', NULL, NULL, 0),
(971, 'N 770', 'SOUTHEREN TECHNOLOGIES', NULL, NULL, NULL, '', NULL, '', NULL, NULL, 0),
(972, 'N 779', 'SCANUP', NULL, NULL, NULL, '', NULL, '', NULL, NULL, 0),
(973, 'N 578', 'B SUBRAMANI', NULL, NULL, NULL, '', NULL, '', NULL, NULL, 0),
(974, 'N 789', 'SANTHOSH DIXIT', NULL, NULL, NULL, '', NULL, '', NULL, NULL, 0),
(975, 'N 797', 'SHAIK ALLA BAKSHI(HYDRABAD-RENT)', NULL, NULL, NULL, '', NULL, '', NULL, NULL, 0),
(976, 'N 798', 'SHAIK BIBIJAN(HYDRABAD RENT)', NULL, NULL, NULL, '', NULL, '', NULL, NULL, 0),
(977, 'N 799', 'SHAIK ZAINABBI(HYDRABAD RENT)', NULL, NULL, NULL, '', NULL, '', NULL, NULL, 0),
(978, 'N 803', 'SARAVANAN CURE CARE', NULL, NULL, NULL, '', NULL, '', NULL, NULL, 0),
(979, 'N 809', 'SUDHAKAR G K M', NULL, NULL, NULL, '', NULL, '', NULL, NULL, 0),
(980, 'N 817', 'SRL LTD', NULL, NULL, NULL, '', NULL, '', NULL, NULL, 0),
(981, 'N 827', 'SAKKAMMA-UTTRAHALLI', NULL, NULL, NULL, '', NULL, '', NULL, NULL, 0),
(982, 'N 829', 'G SARAVANAN (BUILDING WORK)', NULL, NULL, NULL, '', NULL, '', NULL, NULL, 0),
(983, 'N 824', 'V SARALA-MALLESWAREM H/K', NULL, NULL, NULL, '', NULL, '', NULL, NULL, 0),
(984, 'N 839', 'STORY CRAFT MEDIA LLP', NULL, NULL, NULL, '', NULL, '', NULL, NULL, 0),
(985, 'N 847', 'SKYLINE ELECTRONICS-MURUGAN', NULL, NULL, NULL, '', NULL, '', NULL, NULL, 0),
(987, 'N 848', 'BASAVARAJ (S S ENTERPRISES)', NULL, NULL, NULL, '', NULL, '', NULL, NULL, 0),
(988, 'N 853', 'SURESH (VPL COMPUTER STAFF)', NULL, NULL, NULL, '', NULL, '', NULL, NULL, 0),
(989, 'N 859 ', 'SRI MAHADEVA ENTERPRISES', NULL, NULL, NULL, '', NULL, '', NULL, NULL, 0),
(990, 'N 863', 'SIRAJUDEEN-VELACHERY', NULL, NULL, NULL, '', NULL, '', NULL, NULL, 0),
(991, 'N 865', 'SYED VALEED SHIVAJINAGAR  H/K', NULL, NULL, NULL, '', NULL, '', NULL, NULL, 0),
(992, 'N 869', 'V - SARALA-MALLESWAREM H/K', NULL, NULL, NULL, '', NULL, '', NULL, NULL, 0),
(993, 'N 877', 'SRI KUMAR INDUSTRIES-YOGESH KUMAR SHARMA', NULL, NULL, NULL, '', NULL, '', NULL, NULL, 0),
(994, 'N 879', 'SRI RAMAKRISHNA TIMBER DEPOT', NULL, NULL, NULL, '', NULL, '', NULL, NULL, 0),
(995, 'N 885', 'SRIDHAR PET CT TECHNICIAN', NULL, NULL, NULL, '', NULL, '', NULL, NULL, 0),
(996, 'N 890', 'STAR TELE RADIOLOGY', NULL, NULL, NULL, '', NULL, '', NULL, NULL, 0),
(997, 'N 891', 'SASTHA ENTERPRISES', NULL, NULL, NULL, '', NULL, '', NULL, NULL, 0),
(998, 'N 900', 'SAHARA AQUA TECH', NULL, NULL, NULL, '', NULL, '', NULL, NULL, 0),
(1009, 'N 341', 'TRICOG HEALTH SERVICE P LTD', NULL, NULL, NULL, '166105000084', NULL, 'ICIC0001661', NULL, NULL, 0),
(1010, 'N 019', 'T M B  V G S B A/C NO 17042', NULL, NULL, NULL, '', NULL, '', NULL, NULL, 0),
(1011, 'N 251', 'THERMO SPECTRUM INSTRUMENTS', NULL, NULL, NULL, '039505500266', NULL, 'ICIC0000395', NULL, NULL, 0),
(1012, 'N 216', 'TRANSASISA BIO MEDICALS ', NULL, NULL, NULL, '00600330002538', NULL, 'HDFC', NULL, NULL, 0),
(1013, 'N 198', 'THE MARVEL SHRIJEE RESIDENTAL', NULL, NULL, NULL, '29900100000605', NULL, 'BARB0VADAPA', NULL, NULL, 0),
(1014, 'N 015', 'THYROCARE TECHNOLOGIES', NULL, NULL, NULL, '072010200010858', NULL, 'UTIB000072', NULL, NULL, 0),
(1015, 'N 107', 'THE SUPER SURGICAL COMPANY', NULL, NULL, NULL, '04291300002181', NULL, 'PSIB0000429', NULL, NULL, 0),
(1016, 'N 117', 'THE PROFESSIONAL COURIERS', NULL, NULL, NULL, '603805500454', NULL, 'ICIC0006038', NULL, NULL, 0),
(1017, 'N 017', 'T M B GOMATHI O D', NULL, NULL, NULL, '034700050900179', NULL, 'TMBL000034', NULL, NULL, 0),
(1018, 'N 333', 'TEXAS MEDICAL SYSTEMS', NULL, NULL, NULL, '0429611000000035', NULL, 'LAVB0000429', NULL, NULL, 0),
(1019, 'N 337', 'TRIMILLUM TECHNOLOGIES', NULL, NULL, NULL, '0812401873', NULL, 'KKBK0008484', NULL, NULL, 0),
(1020, 'N 338', 'THE MATHURU BHUMI PRINTING', NULL, NULL, NULL, '57024066086', NULL, 'SBIN0070188', NULL, NULL, 0),
(1021, 'N 339', 'TAMILARSI (PROMOTIONAL CHARGES )', NULL, NULL, NULL, '622202010001813', NULL, 'VBIN0562220', NULL, NULL, 0),
(1022, 'N 350', 'THANGAM TRADERS', NULL, NULL, NULL, '60011010008624', NULL, 'SYNB0006001', NULL, NULL, 0),
(1023, 'N 356', 'TEAM SOLUTIONS', NULL, NULL, NULL, '526301010031415', NULL, 'UBIN0552631', NULL, NULL, 0),
(1024, 'N 362', 'THERMO SPECTRUM - INSTRUMENTS', NULL, NULL, NULL, '60281010007451', NULL, 'SYNB0006028', NULL, NULL, 0),
(1025, 'N 100', 'TACTZONE SECURITY', NULL, NULL, NULL, '138900301000371', NULL, 'VIJB0001389', NULL, NULL, 0),
(1026, 'N 396', 'TIMES INTERNET LTD', NULL, NULL, NULL, '00600310008040', NULL, 'HDFC', NULL, NULL, 0),
(1027, 'N 447', 'TN DR MGR UNIVERSITY-5848 40 302', NULL, NULL, NULL, '', NULL, '', NULL, NULL, 0),
(1028, 'N 448', 'TN DR MGR UNIVERSITY-5848 40 305', NULL, NULL, NULL, '', NULL, '', NULL, NULL, 0),
(1029, 'N 450', 'TN DR MGR UNIVERSITY-5848 40 301', NULL, NULL, NULL, '', NULL, '', NULL, NULL, 0),
(1030, 'N 540', 'TN DR MGR MEDICAL UNIVERSITY', NULL, NULL, NULL, '', NULL, '', NULL, NULL, 0),
(1031, 'N 493', 'TAPCO PENUMATICS P LTD', NULL, NULL, NULL, '', NULL, '', NULL, NULL, 0),
(1032, 'N 570', 'TREATA HEALTHCARE', NULL, NULL, NULL, '', NULL, '', NULL, NULL, 0),
(1033, 'N 577', 'TRUST MARKETING', NULL, NULL, NULL, '', NULL, '', NULL, NULL, 0),
(1034, 'N 694', 'TIST TN AND IRIA STATE CONFERENCE', NULL, NULL, NULL, '', NULL, '', NULL, NULL, 0),
(1035, 'N 832', 'TELERAD REPORTING', NULL, NULL, NULL, '', NULL, '', NULL, NULL, 0),
(1036, 'N 871', 'TELERAD - REPORTING', NULL, NULL, NULL, '', NULL, '', NULL, NULL, 0),
(1047, 'N 321', 'UDHAYA PRINTERS', NULL, NULL, NULL, '131302000003036', NULL, 'IOBA0001313', NULL, NULL, 0),
(1048, 'N 334', 'UNIQUE MULTI SOLUTIONS', NULL, NULL, NULL, '326202000000020', NULL, 'IOBA0003262', NULL, NULL, 0),
(1049, 'N 436', 'UNITED PURIO WATER SOLUTIONS', NULL, NULL, NULL, '', NULL, '', NULL, NULL, 0),
(1050, 'N 888', 'DR U K INSTITUTE OF HEALTH SCIENCE', NULL, NULL, NULL, '', NULL, '', NULL, NULL, 0),
(1058, 'N 070', 'VENKATESH (PROMOTI)', NULL, NULL, NULL, '6341341315', NULL, 'IDIB000D035', NULL, NULL, 0),
(1059, 'N 097', 'A VARATHARAJAN', NULL, NULL, NULL, '', NULL, '', NULL, NULL, 0),
(1060, 'N 282&404', 'VICTOR R LAZER', NULL, NULL, NULL, '117001001517723', NULL, 'CIUB0000117', NULL, NULL, 0),
(1061, 'N 266', 'VADAFONE MOBILE SERVICES', NULL, NULL, NULL, '0134331445', NULL, 'CITI0000003', NULL, NULL, 0),
(1062, 'N 180', 'VIMALA JANAKI RAMANPROMOTIONCHAR', NULL, NULL, NULL, '1263155000156921', NULL, 'KVBL0001263', NULL, NULL, 0),
(1063, 'N 119', 'VANI EYECARE IN VANI OPTICALS', NULL, NULL, NULL, '1283201004175', NULL, 'CNRB0001283', NULL, NULL, 0),
(1064, 'N 068', 'VASANT RAM HOSPITAL', NULL, NULL, NULL, '0194102000016162', NULL, 'IBKL0000194', NULL, NULL, 0),
(1065, 'N 029', 'V V N ENTERPRISES', NULL, NULL, NULL, '098328500002', NULL, 'CNRB0000983', NULL, NULL, 0),
(1066, 'N 369', 'V L C INSTITUTE (SURESH)', NULL, NULL, NULL, '168502000000438', NULL, 'IOBA0001685', NULL, NULL, 0),
(1067, 'N352', 'VELOCITY INTERNET INDIA P LTD', NULL, NULL, NULL, '1289135000005405', NULL, 'KVBL0001289', NULL, NULL, 0),
(1068, 'N 357', 'VIDHYA FABRIX', NULL, NULL, NULL, '013805300012575', NULL, 'DLXB0000138', NULL, NULL, 0),
(1069, 'N 005', 'VASANT ENTERPRISES', NULL, NULL, NULL, '62480173610', NULL, 'SBIN0020842', NULL, NULL, 0),
(1070, 'N 423', 'V R WOOD WORKS (MEENATCHI)', NULL, NULL, NULL, '50100088007741', NULL, 'HDFC', NULL, NULL, 0),
(1071, 'N 399', 'VASANTHAN-', NULL, NULL, NULL, '60452010027994', NULL, 'SYNB0006050', NULL, NULL, 0),
(1072, 'N 531', 'VENKATASAMY', NULL, NULL, NULL, '', NULL, '', NULL, NULL, 0),
(1073, 'N 468', 'VISHNU PRASAD (NABL )', NULL, NULL, NULL, '', NULL, '', NULL, NULL, 0),
(1075, 'N 487', 'VENKATARAVANIAH P', NULL, NULL, NULL, '', NULL, '', NULL, NULL, 0),
(1076, 'N 560', 'VENTHANAYAGI (EDUCATION)', NULL, NULL, NULL, '', NULL, '', NULL, NULL, 0),
(1077, 'N 566', 'VINOTHKUMAR(DESIGN AND SOCIAL)', NULL, NULL, NULL, '', NULL, '', NULL, NULL, 0),
(1078, 'N 590', 'VENKATESH SANTHOSH VARUN', NULL, NULL, NULL, '', NULL, '', NULL, NULL, 0),
(1079, 'N 597', 'VALUE CHAIN SOLUTION INDIA P LTD', NULL, NULL, NULL, '', NULL, '', NULL, NULL, 0),
(1080, 'N 620', 'V S P CERAMIC CENTRE', NULL, NULL, NULL, '', NULL, '', NULL, NULL, 0),
(1081, 'N 624', 'VICTOR LAZER SIBYL', NULL, NULL, NULL, '', NULL, '', NULL, NULL, 0),
(1082, '', 'S VIDHYAVATHI(SRLY)', NULL, NULL, NULL, '20393403626', NULL, 'SBIN0000958', NULL, NULL, 0),
(1083, 'N 677', 'V C VILVAM(PALEO-DINDUGAL)', NULL, NULL, NULL, '20105397599', NULL, 'SBIN0001363', NULL, NULL, 0),
(1084, 'N 712', 'VIDYAVATHI(PROMOTIONAL CHARGES)', NULL, NULL, NULL, '', NULL, '', NULL, NULL, 0),
(1085, 'N 718', 'VALLI S', NULL, NULL, NULL, '', NULL, '', NULL, NULL, 0),
(1086, 'N 721', 'V A TECH VENTURES P LTD', NULL, NULL, NULL, '', NULL, '', NULL, NULL, 0),
(1087, 'N 722', 'VINAYAGAA AGENCIES', NULL, NULL, NULL, '', NULL, '', NULL, NULL, 0),
(1088, 'N 758', 'VENUS CERAMICS', NULL, NULL, NULL, '', NULL, '', NULL, NULL, 0),
(1089, 'N 777', 'V CON INTEGRATED SOLUTIONS P LTD', NULL, NULL, NULL, '', NULL, '', NULL, NULL, 0),
(1090, 'N 790', 'V A TECH VENTURES PVT LTD', NULL, NULL, NULL, '', NULL, '', NULL, NULL, 0),
(1091, 'N 814', 'VOOTKURIRATNAKARREDDY', NULL, NULL, NULL, '', NULL, '', NULL, NULL, 0),
(1092, 'N 849', 'VINOTH COMPUTER', NULL, NULL, NULL, '', NULL, '', NULL, NULL, 0),
(1093, 'N 873', 'VERTIV ENERGY P LTD', NULL, NULL, NULL, '', NULL, '', NULL, NULL, 0),
(1094, 'N 903', 'VARSHA TRADERS', NULL, NULL, NULL, '', NULL, '', NULL, NULL, 0),
(1104, 'N 210', 'WHEEL WARES', NULL, NULL, NULL, '05661300030529', NULL, 'PSIB0000566', NULL, NULL, 0),
(1105, 'N 342', 'WIPRO G E HEALTHCARE P LTD', NULL, NULL, NULL, '071062327002', NULL, 'HSBC01INDIA', NULL, NULL, 0),
(1106, 'N 475', 'WHITE DWARF MEDIA P LTD', NULL, NULL, NULL, '', NULL, '', NULL, NULL, 0),
(1107, 'N 481', 'WIPRO GE HEALTHCARE P LTD', NULL, NULL, NULL, '', NULL, '', NULL, NULL, 0),
(1108, 'N 564', 'WIN NET WORK(BALAMURUGAN)', NULL, NULL, NULL, '', NULL, '', NULL, NULL, 0),
(1114, 'N 697', 'X TEES COM T SHIRT (TIRUPUR)', NULL, NULL, NULL, '', NULL, '', NULL, NULL, 0),
(1119, 'N 134', 'YUNG DIGITAL MEDIA INDIA P LTD', NULL, NULL, NULL, '270205000224', NULL, 'ICIC0002702', NULL, NULL, 0),
(1120, 'N 032', 'J YOGENDER ', NULL, NULL, NULL, '343000141706360', NULL, 'PUNB0034300', NULL, NULL, 0),
(1121, 'N 375', 'YUSUF ALI  PROMO', NULL, NULL, NULL, '000901626061', NULL, 'ICIC0000009', NULL, NULL, 0),
(1122, 'N 434', 'YOURS FLORIST', NULL, NULL, NULL, '', NULL, '', NULL, NULL, 0),
(1123, 'N 745', 'YADAMMA HYDRABAD(MESS MILK)', NULL, NULL, NULL, '', NULL, '', NULL, NULL, 0),
(1124, 'N 819', 'WEECLU SOLUTIONS P LTD', NULL, NULL, NULL, '', NULL, '', NULL, NULL, 0),
(1132, 'N 254', '5 C NETWORK INDIA P LTD', NULL, NULL, NULL, '914020032293847', NULL, 'UTIB0000052', NULL, NULL, 0),
(1134, 'N 605', 'ZENLEE POWER SYSTEMS P LTD', NULL, NULL, NULL, '', NULL, '', NULL, NULL, 0),
(1135, 'N 769', 'ZUBEIDA BEGGUM', NULL, NULL, NULL, '', NULL, '', NULL, NULL, 0),
(1136, NULL, 'BHARAT SANCHAR NIGAM LIMITED', NULL, NULL, NULL, NULL, NULL, NULL, NULL, NULL, 0),
(1137, NULL, 'Patients only', 'Chennai', 'Tamil Nadu', '', '', '', '', '', '', 0),
(1138, NULL, 'supplier', 'Any city', 'Tamil Nadu', '', '', '', '', '', '', 0),
(1139, NULL, 'Contractor', 'Any city', 'Tamil Nadu', '', '', '', '', '', '', 0),
(1140, NULL, 'Rent', 'Any city', 'Rent', '', '', '', '', '', '', 0),
(1141, NULL, 'Telephone', 'Telephone', 'Tamil Nadu', '', '', '', '', '', '', 0),
(1142, NULL, 'EB', 'Any city', 'Tamil Nadu', '', '', '', '', '', '', 0),
(1143, NULL, 'Franchise', 'Any city', 'Tamil Nadu', '', '', '', '', '', '', 0),
(1144, NULL, 'Reporting charges', 'Any city', 'Tamil Nadu', '', '', '', '', '', '', 0),
(1145, NULL, 'Consultancy', 'Any city', 'Tamil Nadu', '', '', '', '', '', '', 0),
(1146, NULL, 'StaffSalary', 'Any city', 'Tamil Nadu', '', '', '', '', '', '', 0),
(1147, NULL, 'novendor', '   ', 'chennai', '', '', '', '', '', '', 0),
(1148, NULL, 'place', 'place', 'dgsg', '', '', '', '', '', '', 0),
(1150, NULL, 'hghfgh', 'ghgfh', 'hfghfg', '', '', '', '', '', '', 17),
(1151, NULL, 'Jio', 'Chennai', 'Tamil Nadu', '', '900040541752', '', '', '', '', 20),
(1152, NULL, 'RK Doors & Windows', 'Chennai', 'Tamil Nadu', '', '', '', '', '', '', 1),
(1153, NULL, 'SAROJA PRESS', 'CHENNAI', 'TAMILNADU', '', '', '', '', '', '', 1),
(1154, NULL, 'SHREE BHAVANI AGENCY', 'CHENNAI', 'TAMILNADU', '', '', '', '', '', '', 1),
(1155, NULL, 'v r graphics', 'CHENNAI', 'TAMILNADU', 'indian overseas bank', 'ifsc code:ioba0000289', '', '', '', 'aghpa2162l', 1);

--
-- Indexes for dumped tables
--

--
-- Indexes for table `branch_master`
--
ALTER TABLE `branch_master`
  ADD PRIMARY KEY (`code`),
  ADD UNIQUE KEY `place` (`place`);

--
-- Indexes for table `department_master`
--
ALTER TABLE `department_master`
  ADD PRIMARY KEY (`code`),
  ADD UNIQUE KEY `department` (`department`);

--
-- Indexes for table `designation_master`
--
ALTER TABLE `designation_master`
  ADD PRIMARY KEY (`code`),
  ADD UNIQUE KEY `designation` (`designation`);

--
-- Indexes for table `invoice_master`
--
ALTER TABLE `invoice_master`
  ADD PRIMARY KEY (`invoicecode`),
  ADD UNIQUE KEY `invoicename` (`invoicename`);

--
-- Indexes for table `purchase_number`
--
ALTER TABLE `purchase_number`
  ADD PRIMARY KEY (`Purchase_No`);

--
-- Indexes for table `tax_master`
--
ALTER TABLE `tax_master`
  ADD PRIMARY KEY (`taxcode`);

--
-- Indexes for table `transaction`
--
ALTER TABLE `transaction`
  ADD PRIMARY KEY (`Purchase_No`);

--
-- Indexes for table `user`
--
ALTER TABLE `user`
  ADD PRIMARY KEY (`id`),
  ADD UNIQUE KEY `username` (`username`);

--
-- Indexes for table `user_master`
--
ALTER TABLE `user_master`
  ADD PRIMARY KEY (`user_code`);

--
-- Indexes for table `vendor_master`
--
ALTER TABLE `vendor_master`
  ADD PRIMARY KEY (`vendor_code`);

--
-- AUTO_INCREMENT for dumped tables
--

--
-- AUTO_INCREMENT for table `branch_master`
--
ALTER TABLE `branch_master`
  MODIFY `code` int(11) NOT NULL AUTO_INCREMENT, AUTO_INCREMENT=8;

--
-- AUTO_INCREMENT for table `department_master`
--
ALTER TABLE `department_master`
  MODIFY `code` int(11) NOT NULL AUTO_INCREMENT, AUTO_INCREMENT=13;

--
-- AUTO_INCREMENT for table `designation_master`
--
ALTER TABLE `designation_master`
  MODIFY `code` int(11) NOT NULL AUTO_INCREMENT, AUTO_INCREMENT=9;

--
-- AUTO_INCREMENT for table `invoice_master`
--
ALTER TABLE `invoice_master`
  MODIFY `invoicecode` int(11) NOT NULL AUTO_INCREMENT, AUTO_INCREMENT=29;

--
-- AUTO_INCREMENT for table `tax_master`
--
ALTER TABLE `tax_master`
  MODIFY `taxcode` int(11) NOT NULL AUTO_INCREMENT, AUTO_INCREMENT=4;

--
-- AUTO_INCREMENT for table `user`
--
ALTER TABLE `user`
  MODIFY `id` int(11) NOT NULL AUTO_INCREMENT;

--
-- AUTO_INCREMENT for table `vendor_master`
--
ALTER TABLE `vendor_master`
  MODIFY `vendor_code` int(11) NOT NULL AUTO_INCREMENT, AUTO_INCREMENT=1156;
COMMIT;

/*!40101 SET CHARACTER_SET_CLIENT=@OLD_CHARACTER_SET_CLIENT */;
/*!40101 SET CHARACTER_SET_RESULTS=@OLD_CHARACTER_SET_RESULTS */;
/*!40101 SET COLLATION_CONNECTION=@OLD_COLLATION_CONNECTION */;
